-- phpMyAdmin SQL Dump
-- version 5.2.1
-- https://www.phpmyadmin.net/
--
-- Host: 127.0.0.1
-- Generation Time: Sep 20, 2024 at 08:51 AM
-- Server version: 10.4.32-MariaDB
-- PHP Version: 8.0.30

SET SQL_MODE = "NO_AUTO_VALUE_ON_ZERO";
START TRANSACTION;
SET time_zone = "+00:00";


/*!40101 SET @OLD_CHARACTER_SET_CLIENT=@@CHARACTER_SET_CLIENT */;
/*!40101 SET @OLD_CHARACTER_SET_RESULTS=@@CHARACTER_SET_RESULTS */;
/*!40101 SET @OLD_COLLATION_CONNECTION=@@COLLATION_CONNECTION */;
/*!40101 SET NAMES utf8mb4 */;

--
-- Database: `billing_db`
--

-- --------------------------------------------------------

--
-- Table structure for table `am`
--

CREATE TABLE `am` (
  `id` bigint(20) NOT NULL,
  `user_id` varchar(36) NOT NULL,
  `nama` varchar(255) NOT NULL,
  `alamat` longtext DEFAULT NULL,
  `nomor_telepon` varchar(13) DEFAULT NULL
) ENGINE=InnoDB DEFAULT CHARSET=utf8mb4 COLLATE=utf8mb4_general_ci;

--
-- Dumping data for table `am`
--

INSERT INTO `am` (`id`, `user_id`, `nama`, `alamat`, `nomor_telepon`) VALUES
(1, '3fe452c3-4531-4ec2-88c9-5878c0858db1', 'YUDA PERKASA', NULL, NULL),
(2, '8cf350db-e8b1-4202-afff-0010dc0ecf23', 'ERICK GUNAWAN', NULL, NULL),
(3, '7a2107ae-99db-4bcf-97b0-a0fa486bc12f', 'NABILA', NULL, NULL),
(4, '7bcd3ddf-6453-4d4d-94ff-078dce0ed55b', 'YUNEVA LESTARI', NULL, NULL),
(5, '86a70acd-829e-46e4-9490-044551f2d28f', 'RATNA RAHAYU', NULL, NULL),
(6, '45102849-5930-41c8-ad4f-b34002391fa9', 'YONANSYAH HIDAYAT', NULL, NULL),
(7, 'ebef7c69-d4aa-431e-bf5c-e01d70f6ae65', 'WIKE PUTRI', NULL, NULL),
(8, 'bd01f973-6737-4086-b570-90e8b88a469b', 'ANDRYANSYAH', NULL, NULL),
(9, '74822d4c-6e0d-4363-9ee5-21d3893003a3', 'WIDI LAKSONO', NULL, NULL);

-- --------------------------------------------------------

--
-- Table structure for table `am_company`
--

CREATE TABLE `am_company` (
  `id` bigint(20) UNSIGNED NOT NULL,
  `am_id` bigint(20) NOT NULL,
  `company_id` bigint(20) NOT NULL
) ENGINE=InnoDB DEFAULT CHARSET=utf8mb4 COLLATE=utf8mb4_general_ci;

--
-- Dumping data for table `am_company`
--

INSERT INTO `am_company` (`id`, `am_id`, `company_id`) VALUES
(1, 1, 35),
(2, 2, 51),
(3, 3, 36),
(4, 4, 52),
(5, 2, 53),
(6, 5, 54),
(7, 5, 46),
(8, 6, 55),
(9, 3, 56),
(10, 6, 7),
(11, 7, 7),
(12, 2, 57),
(13, 3, 24),
(14, 3, 58),
(15, 4, 59),
(16, 6, 28),
(17, 2, 60),
(18, 5, 61),
(19, 4, 16),
(20, 8, 8),
(21, 4, 62),
(22, 4, 63),
(23, 3, 64),
(24, 4, 65),
(25, 4, 66),
(26, 5, 67),
(27, 8, 4),
(28, 6, 13),
(29, 4, 68),
(30, 4, 69),
(31, 1, 2),
(32, 6, 70),
(33, 8, 40),
(34, 6, 21),
(35, 4, 71),
(36, 5, 42),
(37, 4, 48),
(38, 6, 72),
(39, 2, 73),
(40, 4, 74),
(41, 2, 75),
(42, 4, 76),
(43, 6, 17),
(44, 7, 50),
(45, 5, 15),
(46, 4, 77),
(47, 7, 29),
(48, 6, 47),
(49, 6, 78),
(50, 6, 79),
(51, 4, 80),
(52, 8, 81),
(53, 7, 82),
(54, 4, 83),
(55, 4, 84),
(56, 6, 85),
(57, 6, 86),
(58, 4, 87),
(59, 6, 88),
(60, 6, 89),
(61, 6, 31),
(62, 7, 6),
(63, 3, 90),
(64, 4, 91),
(65, 4, 92),
(66, 4, 93),
(67, 7, 94),
(68, 8, 33),
(69, 4, 95),
(70, 4, 96),
(71, 4, 97),
(72, 8, 98),
(73, 6, 99),
(74, 4, 100),
(75, 2, 10),
(76, 4, 101),
(77, 6, 102),
(78, 6, 103),
(79, 8, 1),
(80, 1, 104),
(81, 7, 105),
(82, 7, 106),
(83, 1, 107),
(84, 5, 108),
(85, 6, 5),
(86, 4, 109),
(87, 4, 110),
(88, 5, 41),
(89, 8, 111),
(90, 7, 32),
(91, 6, 112),
(92, 5, 9),
(93, 7, 3),
(94, 6, 23),
(95, 4, 113),
(96, 5, 114),
(97, 1, 115),
(98, 1, 116),
(99, 6, 117),
(100, 9, 118),
(101, 7, 119),
(102, 7, 120),
(103, 3, 121),
(104, 5, 122),
(105, 1, 123),
(106, 2, 48),
(107, 4, 124),
(108, 6, 14),
(109, 8, 125),
(110, 7, 126);

-- --------------------------------------------------------

--
-- Table structure for table `company`
--

CREATE TABLE `company` (
  `id` bigint(20) NOT NULL,
  `nama` varchar(255) NOT NULL,
  `brand` varchar(255) NOT NULL,
  `alamat` varchar(255) DEFAULT NULL,
  `pic` varchar(255) DEFAULT NULL,
  `status` enum('active','inactive') NOT NULL DEFAULT 'active',
  `nomor_telp_kantor` varchar(255) DEFAULT NULL,
  `nomor_telp_pic` varchar(255) DEFAULT NULL,
  `total_services` bigint(20) NOT NULL,
  `komisi` float NOT NULL
) ENGINE=InnoDB DEFAULT CHARSET=utf8mb4 COLLATE=utf8mb4_general_ci;

--
-- Dumping data for table `company`
--

INSERT INTO `company` (`id`, `nama`, `brand`, `alamat`, `pic`, `status`, `nomor_telp_kantor`, `nomor_telp_pic`, `total_services`, `komisi`) VALUES
(1, 'PT AWINET GLOBAL MANDIRI', 'AWINET', NULL, NULL, 'active', NULL, NULL, 0, 0),
(2, 'PT GLOBAL SARANA ELEKTRONIKA', 'GSE', NULL, NULL, 'active', NULL, NULL, 0, 0),
(3, 'PT DAYAMITRA TELEKOMUNIKASI', 'MITRATEL', NULL, NULL, 'active', NULL, NULL, 0, 0),
(4, 'PT CYBERPLUS MEDIA PRATAMA', 'CYBERPLUS', NULL, NULL, 'active', NULL, NULL, 0, 0),
(5, 'PT CITRA JELAJAH INFORMATIKA', 'CIFO', NULL, NULL, 'active', NULL, NULL, 0, 0),
(6, 'PT CAHAYA BUANA RAKSA', 'CBR', NULL, NULL, 'active', NULL, NULL, 0, 0),
(7, 'PT PHATRIA INTI PERSADA', 'PHATRIA SULUNG', NULL, NULL, 'active', NULL, NULL, 0, 0),
(8, 'PT CAPOENG DIGITAL NUSANTARA', 'CDN', NULL, NULL, 'active', NULL, NULL, 0, 0),
(9, 'PT ARTHAMAS CIPTA', 'AMC', NULL, NULL, 'active', NULL, NULL, 0, 0),
(10, 'PT APLIKANUSA LINTASARTA', 'LINTASARTA', NULL, NULL, 'active', NULL, NULL, 0, 0),
(11, 'PT EKA MAS REPUBLIK', 'MYREPUBLIC', NULL, NULL, 'active', NULL, NULL, 0, 0),
(12, 'PT EKA MAS REPUBLIK', 'MYREPUBIC', NULL, NULL, 'active', NULL, NULL, 0, 0),
(13, 'PT TRANS HYBRID COMMUNICATION', 'TRANS HYBRID', NULL, NULL, 'active', NULL, NULL, 0, 0),
(14, 'PT INDO INTERNET', 'INDONET', NULL, NULL, 'active', NULL, NULL, 0, 0),
(15, 'PT JARINGAN LINTAS ARTHA', 'JLA', NULL, NULL, 'active', NULL, NULL, 0, 0),
(16, 'PT JARINGAN INTERNET BANTEN', 'JIB', NULL, NULL, 'active', NULL, NULL, 0, 0),
(17, 'PT JALUR SATU AMAN', 'JSA', NULL, NULL, 'active', NULL, NULL, 0, 0),
(18, 'PT INTI DATA TELEMATIKA', 'INTINET', NULL, NULL, 'active', NULL, NULL, 0, 0),
(19, 'PT INOVASI TEKNOLOGI PINTAR', 'ITP', NULL, NULL, 'active', NULL, NULL, 0, 0),
(20, 'PT HANDAYANI FIBER MEDIA', 'HANDAYANI', NULL, NULL, 'active', NULL, NULL, 0, 0),
(21, 'PT POWER TELECOM', 'POWERTEL', NULL, NULL, 'active', NULL, NULL, 0, 0),
(22, 'PT LAXO GLOBAL AKSES', 'LAXO', NULL, NULL, 'active', NULL, NULL, 0, 0),
(23, 'PT MEDIA DISTRIBUSI PRIMA', 'URBAN ACCESS', NULL, NULL, 'active', NULL, NULL, 0, 0),
(24, 'PT MITRA VISIONER PRATAMA', 'MVNET', NULL, NULL, 'active', NULL, NULL, 0, 0),
(25, 'PT PESONA NUSA VISION', 'PESONA NUSA', NULL, NULL, 'active', NULL, NULL, 0, 0),
(26, 'PT ACCESS PRIMA NUSANTARA', 'APRIN', NULL, NULL, 'active', NULL, NULL, 0, 0),
(27, 'PT SANDYA SISTEM INDONESIA', 'SANDYA', NULL, NULL, 'active', NULL, NULL, 0, 0),
(28, 'PT NTT INDONESIA', 'NTT INDONESIA', NULL, NULL, 'active', NULL, NULL, 0, 0),
(29, 'PT REGYNET DATA SOLUSINDO', 'REGYNET', NULL, NULL, 'active', NULL, NULL, 0, 0),
(30, 'PT VICTORY NETWORK INDONESIA', 'VICTORY NETWORK', NULL, NULL, 'active', NULL, NULL, 0, 0),
(31, 'PT USAHA ADI SANGGORO', 'ASNET', NULL, NULL, 'active', NULL, NULL, 0, 0),
(32, 'PT TERABYTE INDONESIA', 'TERABYTE', NULL, NULL, 'active', NULL, NULL, 0, 0),
(33, 'PT PRATAMA ASIA GLOBALINDO', 'PAGLO', NULL, NULL, 'active', NULL, NULL, 0, 0),
(34, 'PT PRESTASI PIRANTI INFORMASI', 'NUEVIZ', NULL, NULL, 'active', NULL, NULL, 0, 0),
(35, 'PT PROFESIONAL INTERNET INDONESIA', 'PRONET', NULL, NULL, 'active', NULL, NULL, 0, 0),
(36, 'PT VIRIYA SURYA ABADI', 'VIRIYA', NULL, NULL, 'active', NULL, NULL, 0, 0),
(37, 'PT TOWER BERSAMA', 'TOWER', NULL, NULL, 'active', NULL, NULL, 0, 0),
(38, 'PT TELE GLOBE GLOBAL', 'TGG', NULL, NULL, 'active', NULL, NULL, 0, 0),
(39, 'PT SIBER TECH INDONESIA', 'SIBERTECH', NULL, NULL, 'active', NULL, NULL, 0, 0),
(40, 'PT WIFIKU INDONESIA', 'WIFIKU', NULL, NULL, 'active', NULL, NULL, 0, 0),
(41, 'PT WIFIAN SOLUTION', 'WIFIAN', NULL, NULL, 'active', NULL, NULL, 0, 0),
(42, 'PT SUPER MEDIA INDONESIA', 'SMI', NULL, NULL, 'active', NULL, NULL, 0, 0),
(43, 'PT PUSAT FIBER INDONESIA', 'FIBER INDONESIA', NULL, NULL, 'active', NULL, NULL, 0, 0),
(44, 'PT CITRA CELEBAS MULTIMEDIA', 'PRIMAHOME', NULL, NULL, 'active', NULL, NULL, 0, 0),
(45, 'PT TWINS DATA PRATAMA', 'SANDYA', NULL, NULL, 'active', NULL, NULL, 0, 0),
(46, 'PT INOVASI TJARAKA BUANA', 'MYNET', NULL, NULL, 'active', NULL, NULL, 0, 0),
(47, 'PT TELEMEDIA KOMUNIKASI PRATAMA', 'VIBERLINK', NULL, NULL, 'active', NULL, NULL, 0, 0),
(48, 'PT SINERGI INTI ANDALAN PRIMA', 'SIAP', NULL, NULL, 'active', NULL, NULL, 0, 0),
(49, 'PT NETWORK LINTAS FIBERINDO', 'NTT INDONESIA', NULL, NULL, 'active', NULL, NULL, 0, 0),
(50, 'PT PGAS TELEKOMUNIKASI NUSANTARA', 'PGNCOM', NULL, NULL, 'active', NULL, NULL, 0, 0),
(51, 'PT LIGHTSTORM INDONESIA TELEKOMUNIKASI', 'ASIANET', NULL, NULL, 'active', NULL, NULL, 0, 0),
(52, 'PT COVER NETWORK INDONESIA', 'SIAP', NULL, NULL, 'active', NULL, NULL, 0, 0),
(53, 'PT EKA MAS REPUBLIK', 'MY REPUBLIC', NULL, NULL, 'active', NULL, NULL, 0, 0),
(54, 'PT LAXO GLOBAL AKSES', 'LGA', NULL, NULL, 'active', NULL, NULL, 0, 0),
(55, 'PT ACCESS PRIMA NUSANTARA', 'APRIN NET', NULL, NULL, 'active', NULL, NULL, 0, 0),
(56, 'PT SANDYA SISTEM INDONESIA', 'SANDYA NET', NULL, NULL, 'active', NULL, NULL, 0, 0),
(57, 'PT INSAN TEKNOLOGI DATA', 'SIAP', NULL, NULL, 'active', NULL, NULL, 0, 0),
(58, 'PT MITRA VISIONER PRATAMA', 'PHATRIA SULUNG', NULL, NULL, 'active', NULL, NULL, 0, 0),
(59, 'PT ALFA OMEGA INTERKONEKSI', 'SIAP', NULL, NULL, 'active', NULL, NULL, 0, 0),
(60, 'PT JARINGANKU SARANA NUSANTARA', 'SIAP', NULL, NULL, 'active', NULL, NULL, 0, 0),
(61, 'PT SIBER TECH INDONESIA', 'SIBER TECH', NULL, NULL, 'active', NULL, NULL, 0, 0),
(62, 'PT TANGARA MITRAKOM', 'SIAP', NULL, NULL, 'active', NULL, NULL, 0, 0),
(63, 'PT INTERNET KELUARGA INDONESIA', 'SIAP', NULL, NULL, 'active', NULL, NULL, 0, 0),
(64, 'PT LINTAS JARINGAN NUSANTARA', 'LINTAS NET', NULL, NULL, 'active', NULL, NULL, 0, 0),
(65, 'PT DATA PRIMA SOLUSINDO', 'SIAP', NULL, NULL, 'active', NULL, NULL, 0, 0),
(66, 'PT PANGKALAN LINTAS DATA', 'SIAP', NULL, NULL, 'active', NULL, NULL, 0, 0),
(67, 'PT VICTORY NETWORK INDONESIA', 'VICTORY', NULL, NULL, 'active', NULL, NULL, 0, 0),
(68, 'PT ORBIT EKA SEMESTA', 'OES', NULL, NULL, 'active', NULL, NULL, 0, 0),
(69, 'PT PROXI JARINGAN NUSANTARA', 'SIAP', NULL, NULL, 'active', NULL, NULL, 0, 0),
(70, 'PT INTI DATA TELEMATIKA', 'IJE', NULL, NULL, 'active', NULL, NULL, 0, 0),
(71, 'PT INTER KONEKSI MEDIA', 'SIAP', NULL, NULL, 'active', NULL, NULL, 0, 0),
(72, 'PT NETWORK LINTAS FIBERINDO', 'NETLAND', NULL, NULL, 'active', NULL, NULL, 0, 0),
(73, 'PT STARLINK SERVICES INDONESIA', 'SPACEX', NULL, NULL, 'active', NULL, NULL, 0, 0),
(74, 'PT JEMBATAN DATA PANGRANGO', 'SIAP', NULL, NULL, 'active', NULL, NULL, 0, 0),
(75, 'PT KOMUNIKASI LINTAS NUSA', 'KLNUSA', NULL, NULL, 'active', NULL, NULL, 0, 0),
(76, 'PT INET GLOBAL INDO', 'SIAP', NULL, NULL, 'active', NULL, NULL, 0, 0),
(77, 'PT GAPURA ERA DIGITAL', 'PFI', NULL, NULL, 'active', NULL, NULL, 0, 0),
(78, 'PT TWINS DATA PRATAMA', 'TDP', NULL, NULL, 'active', NULL, NULL, 0, 0),
(79, 'PT TELE GLOBE GOBAL', 'TGG NET', NULL, NULL, 'active', NULL, NULL, 0, 0),
(80, 'PT NALA AKSES NUSANTARA', 'PFI', NULL, NULL, 'active', NULL, NULL, 0, 0),
(81, 'PT HANDAYANI FIBER MEDIA', 'HANDAYANI FIBER', NULL, NULL, 'active', NULL, NULL, 0, 0),
(82, 'PT CAKRAWALA SARANA SOLUSINDO', 'CSS', NULL, NULL, 'active', NULL, NULL, 0, 0),
(83, 'PT PALU PASUNDAN MEDIA NET', 'PFI', NULL, NULL, 'active', NULL, NULL, 0, 0),
(84, 'PT GLOBAL MEDIA DATA PRIMA', 'SIAP', NULL, NULL, 'active', NULL, NULL, 0, 0),
(85, 'PT BINTANG MULTIGUNA SADAYA', 'BMS', NULL, NULL, 'active', NULL, NULL, 0, 0),
(86, 'PT TOWER BERSAMA', 'TOWER-BERSAMA', NULL, NULL, 'active', NULL, NULL, 0, 0),
(87, 'PT INDONESIA NET TEKNOLOGI', 'SIAP', NULL, NULL, 'active', NULL, NULL, 0, 0),
(88, 'PT SAHABAT MANJUR GRUP', 'MANJUR GROUP', NULL, NULL, 'active', NULL, NULL, 0, 0),
(89, 'PT MYARSYILA INDONESIA INTERKONEKSI', 'MYARSYILA', NULL, NULL, 'active', NULL, NULL, 0, 0),
(90, 'PT INOVASI TEKNOLOGI PINTAR', 'ITPINTAR', NULL, NULL, 'active', NULL, NULL, 0, 0),
(91, 'PT NITNET MEDIA TEKNOLOGI', 'SIAP', NULL, NULL, 'active', NULL, NULL, 0, 0),
(92, 'PT PESONA NUSA VISION', 'PNV', NULL, NULL, 'active', NULL, NULL, 0, 0),
(93, 'PT REZEKI ASA CEMERLANG', 'PFI', NULL, NULL, 'active', NULL, NULL, 0, 0),
(94, 'PT PELANGI COMMUNICATION NETWORK', 'PELANGI', NULL, NULL, 'active', NULL, NULL, 0, 0),
(95, 'PT GARUDA MEDIA TELEMATIKA', 'SIAP', NULL, NULL, 'active', NULL, NULL, 0, 0),
(96, 'PT TRIMITRA USAHA SEJAHTERA', 'PFI', NULL, NULL, 'active', NULL, NULL, 0, 0),
(97, 'PT JAVA DIGITAL NUSANTARA', 'SIAP', NULL, NULL, 'active', NULL, NULL, 0, 0),
(98, 'PT PRESTASI PIRANTI INFORMASI', 'NEUVIZ', NULL, NULL, 'active', NULL, NULL, 0, 0),
(99, 'PT NEO FIBER TEKNOLOGI', 'NFT', NULL, NULL, 'active', NULL, NULL, 0, 0),
(100, 'PT ANDROMEGA DATA NUSANTARA', 'PFI', NULL, NULL, 'active', NULL, NULL, 0, 0),
(101, 'PT SINERGI INOVATE PRATAMA', 'SIAP', NULL, NULL, 'active', NULL, NULL, 0, 0),
(102, 'PT PANGKALAN LINTAS DATA', 'PALINDO', NULL, NULL, 'active', NULL, NULL, 0, 0),
(103, 'PT BERKAH SETIA DIGITAL', 'BSD', NULL, NULL, 'active', NULL, NULL, 0, 0),
(104, 'PT JANGKAU LINTAS NUSANTARA', 'JANGKAUNET', NULL, NULL, 'active', NULL, NULL, 0, 0),
(105, 'PT BARAYA TELEKOMUNIKASI INDONESIA', 'BTEL', NULL, NULL, 'active', NULL, NULL, 0, 0),
(106, 'PT SAMUDRA DIGITAL NETWORK', 'SAMUDRANET', NULL, NULL, 'active', NULL, NULL, 0, 0),
(107, 'PT TRIMITRA ADITAMA KONEKSINDO', 'PFI', NULL, NULL, 'active', NULL, NULL, 0, 0),
(108, 'PT TELINDO FLASH MEDIATAMA', 'NETFLASH', NULL, NULL, 'active', NULL, NULL, 0, 0),
(109, 'PT METRO RING BERSAMA', 'SIAP', NULL, NULL, 'active', NULL, NULL, 0, 0),
(110, 'PT AKSES BERSAMA SEDAYA', 'SIAP', NULL, NULL, 'active', NULL, NULL, 0, 0),
(111, 'PT CENDIKIA GLOBAL SOLUSI', 'CGS', NULL, NULL, 'active', NULL, NULL, 0, 0),
(112, 'PT ALFA OMEGA INTERKONEKSI', 'ALOINET', NULL, NULL, 'active', NULL, NULL, 0, 0),
(113, 'PT CYBERPLUS MEDIA PRATAMA', 'SIAP', NULL, NULL, 'active', NULL, NULL, 0, 0),
(114, 'PT COVER NETWORK INDONESIA', 'COVERNET', NULL, NULL, 'active', NULL, NULL, 0, 0),
(115, 'PT JARINGAN CYBER EVO', 'JCE', NULL, NULL, 'active', NULL, NULL, 0, 0),
(116, 'PT CITRA PRIMA MEDIA', 'PRIMAHOME', NULL, NULL, 'active', NULL, NULL, 0, 0),
(117, 'PT ARGON INTERNET AMARIQINDO', 'ARGON', NULL, NULL, 'active', NULL, NULL, 0, 0),
(118, 'PT INDOSAT SINGAPORE PTE LDT', 'INDOSAT', NULL, NULL, 'active', NULL, NULL, 0, 0),
(119, 'PT KONNEK JAYA BERSAMA', 'KONNEK', NULL, NULL, 'active', NULL, NULL, 0, 0),
(120, 'PT AIR LINTAS KOMUNIKASI', 'PT AIR LINTAS KOMUNIKASI', NULL, NULL, 'active', NULL, NULL, 0, 0),
(121, 'PT MULKAN SARANA SOLUSI', 'MSS', NULL, NULL, 'active', NULL, NULL, 0, 0),
(122, 'PT JURAGAN ONLINE SOLUSI', 'JURAGANNET', NULL, NULL, 'active', NULL, NULL, 0, 0),
(123, 'PT KHAZANAH NET INDONESIA', 'WIFIAIRLINK', NULL, NULL, 'active', NULL, NULL, 0, 0),
(124, 'PT SOLUSI TRIMEGAH PERSADA', 'PFI', NULL, NULL, 'active', NULL, NULL, 0, 0),
(125, 'PT TERADATA BINTANG SELARAS', 'TABISNET', NULL, NULL, 'active', NULL, NULL, 0, 0),
(126, 'PT HACI TELEKOMUNIKASI INDONESIA', 'PT HACI TELEKOMUNIKASI INDONESIA', NULL, NULL, 'active', NULL, NULL, 0, 0),
(127, 'PT LINTAS JARINGAN NUSANTARA', 'LJN', NULL, NULL, 'active', NULL, NULL, 0, 0),
(128, 'PT MULKAN SARANA SOLUSI', 'MULKAN', NULL, NULL, 'active', NULL, NULL, 0, 0),
(129, 'PT SUMBER DATA INDONESIA', 'SDI', NULL, NULL, 'active', NULL, NULL, 0, 0),
(130, 'PT JAVA MEDIANET TEKHNOLOGI', 'JAVA MEDIA', NULL, NULL, 'active', NULL, NULL, 0, 0),
(131, 'HUAWEI SERVICES (HONG KONG) CO., LIMITED', 'HUAWEI', NULL, NULL, 'active', NULL, NULL, 0, 0);

-- --------------------------------------------------------

--
-- Table structure for table `invoices`
--

CREATE TABLE `invoices` (
  `id` int(11) NOT NULL,
  `status_1` varchar(255) DEFAULT NULL,
  `nomor_invoice` varchar(255) DEFAULT NULL,
  `status_2` varchar(255) DEFAULT NULL,
  `inv_no` varchar(255) DEFAULT NULL,
  `so_no` varchar(255) DEFAULT NULL,
  `mo_bast` varchar(255) DEFAULT NULL,
  `inv_date` date DEFAULT NULL,
  `inv_amount_dpp` bigint(20) DEFAULT NULL,
  `ppn_11` bigint(20) DEFAULT NULL,
  `total_inv` bigint(20) DEFAULT NULL,
  `pph_2` bigint(20) DEFAULT NULL,
  `receive` bigint(20) DEFAULT NULL,
  `paid_unpaid` enum('PAID','UNPAID','KURANG BAYAR') DEFAULT NULL,
  `total_payment` bigint(20) DEFAULT NULL,
  `payment_date` date DEFAULT NULL,
  `total_lebih_bayar` bigint(20) DEFAULT NULL,
  `total_kurang_bayar` bigint(20) DEFAULT NULL,
  `created_at` timestamp NOT NULL DEFAULT current_timestamp(),
  `updated_at` timestamp NOT NULL DEFAULT current_timestamp() ON UPDATE current_timestamp()
) ENGINE=InnoDB DEFAULT CHARSET=utf8mb4 COLLATE=utf8mb4_general_ci;

--
-- Dumping data for table `invoices`
--

INSERT INTO `invoices` (`id`, `status_1`, `nomor_invoice`, `status_2`, `inv_no`, `so_no`, `mo_bast`, `inv_date`, `inv_amount_dpp`, `ppn_11`, `total_inv`, `pph_2`, `receive`, `paid_unpaid`, `total_payment`, `payment_date`, `total_lebih_bayar`, `total_kurang_bayar`, `created_at`, `updated_at`) VALUES
(1, NULL, 'SI.2024.03.00001-IJE', NULL, 'SI.2024.03.00001', 'SO.2022.12.00034', '191/BAST/IJE-AWINET/VIII/2023', '2024-03-02', 1000000, 110000, 1110000, 20000, 1090000, 'PAID', 1090000, '2024-04-23', 0, 0, '2024-09-19 08:07:34', '2024-09-19 08:07:34'),
(2, NULL, 'SI.2024.03.00002-IJE', NULL, 'SI.2024.03.00002', 'SO.2022.12.00033', '190/BAST/IJE-AWINET/VIII/2023', '2024-03-02', 51000000, 5610000, 56610000, 1020000, 55590000, 'PAID', 55590000, '2024-04-23', 0, 0, '2024-09-19 08:07:34', '2024-09-19 08:07:34'),
(3, NULL, 'SI.2024.03.00003-IJE', NULL, 'SI.2024.03.00003', 'SO.2024.03.00001', '112/BAST/IJE-GSE/III/2023', '2024-03-02', 5000000, 550000, 5550000, 100000, 5450000, 'PAID', 5450000, '2024-03-19', 0, 0, '2024-09-19 08:07:34', '2024-09-19 08:07:34'),
(4, NULL, 'SI.2024.03.00004-IJE', NULL, 'SI.2024.03.00004', 'SO.2023.04.00143', '123/BAST/IJE-GSE/IV/2023-DOWNGRADE', '2024-03-02', 5000000, 550000, 5550000, 100000, 5450000, 'PAID', 5450000, '2024-03-19', 0, 0, '2024-09-19 08:07:34', '2024-09-19 08:07:34'),
(5, NULL, 'SI.2024.03.00005-IJE', NULL, 'SI.2024.03.00005', 'SO.2023.10.00029', '210/BAST/IJE-GSE/X/2023', '2024-03-02', 10000000, 1100000, 11100000, 200000, 10900000, 'PAID', 10900000, '2024-03-19', 0, 0, '2024-09-19 08:07:34', '2024-09-19 08:07:34'),
(6, NULL, 'SI.2024.03.00006-IJE', NULL, 'SI.2024.03.00006', 'SO.2023.12.00019', '008/BAST/IJE-GSE/I/2024', '2024-03-02', 5000000, 550000, 5550000, 100000, 5450000, 'PAID', 5450000, '2024-03-19', 0, 0, '2024-09-19 08:07:34', '2024-09-19 08:07:34'),
(7, NULL, 'SI.2024.03.00007-IJE', NULL, 'SI.2024.03.00007', 'SO.2023.04.00038', '193/BAST/IJE-MITRATEL/VIII/2023', '2024-03-02', 750000, 82500, 832500, 15000, 817500, 'PAID', 817500, '2024-06-05', 0, 0, '2024-09-19 08:07:34', '2024-09-19 08:07:34'),
(8, NULL, 'SI.2024.03.00008-IJE', NULL, 'SI.2024.03.00008', 'SO.2023.05.00064', '193/BAST/IJE-MITRATEL/VIII/2023', '2024-03-02', 750000, 82500, 832500, 15000, 817500, 'PAID', 817500, '2024-06-05', 0, 0, '2024-09-19 08:07:34', '2024-09-19 08:07:34'),
(9, NULL, 'SI.2024.03.00009-IJE', NULL, 'SI.2024.03.00009', 'SO.2023.10.00002', '204/BAST/IJE-CYBERPLUS/X/2023', '2024-03-02', 5000000, 550000, 5550000, 100000, 5450000, 'PAID', 5450000, '2024-03-26', 0, 0, '2024-09-19 08:07:34', '2024-09-19 08:07:34'),
(10, NULL, 'SI.2024.03.00010-IJE', NULL, 'SI.2024.03.00010', 'SO.2024.01.00069', '042/BAST/IJE-CYBERPLUS/I/2024', '2024-03-02', 5000000, 550000, 5550000, 100000, 5450000, 'PAID', 5450000, '2024-03-26', 0, 0, '2024-09-19 08:07:34', '2024-09-19 08:07:34'),
(11, NULL, 'SI.2024.03.00019-IJE', NULL, 'SI.2024.03.00019', 'SO.2023.08.00021', '005/BAST/IJE-CIFO/IV/2022', '2024-03-02', 50000000, 5500000, 55500000, 1000000, 54500000, 'PAID', 54500000, '2024-03-26', 0, 0, '2024-09-19 08:07:34', '2024-09-19 08:07:34'),
(12, NULL, 'SI.2024.03.00018-IJE', NULL, 'SI.2024.03.00018', 'SO.2023.02.00008', '118/BAST/IJE-CBR/IV/2023', '2024-03-02', 33000000, 3630000, 36630000, 660000, 35970000, 'PAID', 36630000, '2024-05-18', 660000, 0, '2024-09-19 08:07:34', '2024-09-19 08:07:34'),
(13, NULL, 'SI.2024.03.00017-IJE', NULL, 'SI.2024.03.00017', 'SO.2023.08.00012', '183/BAST/IJE-PHATRIA/VIII/2023', '2024-03-02', 10000000, 1100000, 11100000, 200000, 10900000, 'PAID', 11100000, '2024-08-16', 200000, 0, '2024-09-19 08:07:34', '2024-09-19 08:07:34'),
(14, NULL, 'SI.2024.03.00016-IJE', NULL, 'SI.2024.03.00016', 'SO.2023.07.00019', '176/BAST/IJE-PHATRIA/VII/2023-UPGRADE', '2024-03-02', 10000000, 1100000, 11100000, 200000, 10900000, 'PAID', 11100000, '2024-08-16', 200000, 0, '2024-09-19 08:07:34', '2024-09-19 08:07:34'),
(15, NULL, 'SI.2024.03.00015-IJE', NULL, 'SI.2024.03.00015', 'SO.2024.01.00043', '031/BAST/IJE-PIP/I/2024', '2024-03-02', 15000000, 1650000, 16650000, 300000, 16350000, 'PAID', 16650000, '2024-06-02', 300000, 0, '2024-09-19 08:07:34', '2024-09-19 08:07:34'),
(16, NULL, 'SI.2024.03.00014-IJE', NULL, 'SI.2024.03.00014', 'SO.2023.11.00025', '063/BAST/IJE-PHATRIA/XI/2022', '2024-03-02', 5000000, 550000, 5550000, 100000, 5450000, 'PAID', 5550000, '2024-06-02', 100000, 0, '2024-09-19 08:07:34', '2024-09-19 08:07:34'),
(17, NULL, 'SI.2024.03.00013-IJE', NULL, 'SI.2024.03.00013', 'SO.2023.11.00006', '057/BAST/IJE-PHATRIA/X/2022', '2024-03-02', 5000000, 550000, 5550000, 100000, 5450000, 'PAID', 5550000, '2024-06-02', 100000, 0, '2024-09-19 08:07:34', '2024-09-19 08:07:34'),
(18, NULL, 'SI.2024.03.00012-IJE', NULL, 'SI.2024.03.00012', 'SO.2023.11.00013', '241/BAST/IJE-PIP/XII/2023', '2024-03-02', 10000000, 1100000, 11100000, 200000, 10900000, 'PAID', 11100000, '2024-06-02', 200000, 0, '2024-09-19 08:07:34', '2024-09-19 08:07:34'),
(19, NULL, 'SI.2024.03.00011-IJE', NULL, 'SI.2024.03.00011', 'SO.2023.06.00032', '140/BAST/IJE-PHATRIA/VI/2023-UPGRADE', '2024-03-02', 10000000, 1100000, 11100000, 200000, 10900000, 'PAID', 11100000, '2024-06-02', 200000, 0, '2024-09-19 08:07:34', '2024-09-19 08:07:34'),
(20, NULL, 'SI.2024.03.00020-IJE', NULL, 'SI.2024.03.00020', 'SO.2024.02.00005', '043/BAST/IJE-PIP/II/2024', '2024-03-02', 5000000, 550000, 5550000, 100000, 5450000, 'PAID', 5550000, '2024-06-02', 100000, 0, '2024-09-19 08:07:34', '2024-09-19 08:07:34'),
(21, NULL, 'SI.2024.03.00029-IJE', NULL, 'SI.2024.03.00029', 'SO.2023.03.00005', '117/BAST/IJE-PHATRIA/IV/2023', '2024-03-02', 5000000, 550000, 5550000, 100000, 5450000, 'UNPAID', 0, NULL, 0, 0, '2024-09-19 08:07:34', '2024-09-19 08:28:34'),
(22, NULL, 'SI.2024.03.00028-IJE', NULL, 'SI.2024.03.00028', 'SO.2024.01.00070', '103/BAST/IJE-PHATRIA/III/2023', '2024-03-02', 5000000, 550000, 5550000, 100000, 5450000, 'PAID', 5450000, '2024-09-19', 0, 0, '2024-09-19 08:07:34', '2024-09-19 08:29:30'),
(23, NULL, 'SI.2024.03.00027-IJE', NULL, 'SI.2024.03.00027', 'SO.2024.01.00071', '104/BAST/IJE-PHATRIA/III/2023', '2024-03-02', 5000000, 550000, 5550000, 100000, 5450000, 'UNPAID', 0, NULL, 0, 0, '2024-09-19 08:07:34', '2024-09-19 08:07:34'),
(24, NULL, 'SI.2024.03.00026-IJE', NULL, 'SI.2024.03.00026', 'SO.2023.08.00006', '030/BAST/IJE/PHATRIA/VII/2022', '2024-03-02', 5000000, 550000, 5550000, 100000, 5450000, 'UNPAID', 0, NULL, 0, 0, '2024-09-19 08:07:34', '2024-09-19 08:07:34'),
(25, NULL, 'SI.2024.03.00025-IJE', NULL, 'SI.2024.03.00025', 'SO.2024.01.00041', '034/BAST/IJE-PIP/I/2024', '2024-03-02', 5000000, 550000, 5550000, 100000, 5450000, 'KURANG BAYAR', 2250000, '2024-08-16', 0, 3200000, '2024-09-19 08:07:34', '2024-09-19 08:07:34'),
(26, NULL, 'SI.2024.03.00021-IJE', NULL, 'SI.2024.03.00021', 'SO.2024.01.00040', '038/BAST/IJE-PIP/I/2024', '2024-03-02', 5000000, 550000, 5550000, 100000, 5450000, 'PAID', 5550000, '2024-08-16', 100000, 0, '2024-09-19 08:07:34', '2024-09-19 08:07:34'),
(27, NULL, 'SI.2024.03.00024-IJE', NULL, 'SI.2024.03.00024', 'SO.2023.08.00001', '201/BAST/IJE-CDN/IX/2023', '2024-03-02', 8000000, 880000, 8880000, 160000, 8720000, 'PAID', 8720000, '2024-03-22', 0, 0, '2024-09-19 08:07:34', '2024-09-19 08:07:34'),
(28, NULL, 'SI.2024.03.00023-IJE', NULL, 'SI.2024.03.00023', 'SO.2023.08.00003', '022/BAST/IJE/AMC/VI/2022', '2024-03-02', 8000000, 880000, 8880000, 160000, 8720000, 'PAID', 8720000, '2024-04-03', 0, 0, '2024-09-19 08:07:34', '2024-09-19 08:07:34'),
(29, NULL, 'SI.2024.03.00022-IJE', NULL, 'SI.2024.03.00022', 'SO.2023.08.00002', '024/BAST/IJE/LA/VII/2022', '2024-03-02', 58000000, 6380000, 64380000, 1160000, 63220000, 'PAID', 63220000, '2024-04-27', 0, 0, '2024-09-19 08:07:34', '2024-09-19 08:07:34'),
(30, NULL, 'SI.2024.03.00030-IJE', NULL, 'SI.2024.03.00030', 'SO.2024.01.00005', '004/BAST/IJE-MYREP/I/2024', '2024-03-02', 1000000, 110000, 1110000, 20000, 1090000, 'PAID', 1090000, '2024-03-26', 0, 0, '2024-09-19 08:07:34', '2024-09-19 08:07:34'),
(31, NULL, 'SI.2024.03.00031-IJE', NULL, 'SI.2024.03.00031', 'SO.2023.10.00023', '211/BAST/IJE-MYREPUBLIC/X/2023', '2024-03-02', 1500000, 165000, 1665000, 30000, 1635000, 'PAID', 1635000, '2024-03-26', 0, 0, '2024-09-19 08:07:34', '2024-09-19 08:07:34'),
(32, NULL, 'SI.2024.03.00032-IJE', NULL, 'SI.2024.03.00032', 'SO.2023.08.00024', '199/BAST/IJE-MYREPUBLIC/IX/2023', '2024-03-02', 3500000, 385000, 3885000, 70000, 3815000, 'PAID', 3815000, '2024-03-26', 0, 0, '2024-09-19 08:07:34', '2024-09-19 08:07:34'),
(33, NULL, 'SI.2024.03.00033-IJE', NULL, 'SI.2024.03.00033', 'SO.2023.09.00004', '185/BAST/IJE-MYREPUBLIC/VIII/2023', '2024-03-02', 8000000, 880000, 8880000, 160000, 8720000, 'PAID', 8720000, '2024-03-26', 0, 0, '2024-09-19 08:07:34', '2024-09-19 08:07:34'),
(34, NULL, 'SI.2024.03.00034-IJE', NULL, 'SI.2024.03.00034', 'SO.2023.11.00023', '233/BAST/IJE-MYREP/XI/2023', '2024-03-02', 17000000, 1870000, 18870000, 340000, 18530000, 'PAID', 18530000, '2024-03-26', 0, 0, '2024-09-19 08:07:34', '2024-09-19 08:07:34'),
(35, NULL, 'SI.2024.03.00035-IJE', NULL, 'SI.2024.03.00035', 'SO.2023.08.00010', '181/BAST/IJE-MYREPUBLIC/VIII/2023-UPGRADE', '2024-03-02', 12750000, 1402500, 14152500, 255000, 13897500, 'PAID', 13897500, '2024-03-26', 0, 0, '2024-09-19 08:07:34', '2024-09-19 08:07:34'),
(36, NULL, 'SI.2024.03.00036-IJE', NULL, 'SI.2024.03.00036', 'SO.2023.12.00009', '247/BAST/IJE-MYREP/XII/2023', '2024-03-02', 12750000, 1402500, 14152500, 255000, 13897500, 'PAID', 13897500, '2024-03-26', 0, 0, '2024-09-19 08:07:34', '2024-09-19 08:07:34'),
(37, NULL, 'SI.2024.03.00037-IJE', NULL, 'SI.2024.03.00037', 'SO.2023.02.00010', '126/BAST/IJE-EMR/IV/2023', '2024-03-02', 8000000, 880000, 8880000, 160000, 8720000, 'PAID', 8720000, '2024-03-26', 0, 0, '2024-09-19 08:07:34', '2024-09-19 08:07:34'),
(38, NULL, 'SI.2024.03.00038-IJE', NULL, 'SI.2024.03.00038', 'SO.2024.02.00016', '107/BAST/IJE-MYREPUBLIC/III/2023', '2024-03-02', 8000000, 880000, 8880000, 160000, 8720000, 'PAID', 8720000, '2024-03-26', 0, 0, '2024-09-19 08:07:34', '2024-09-19 08:07:34'),
(39, NULL, 'SI.2024.03.00039-IJE', NULL, 'SI.2024.03.00039', 'SO.2023.11.00022', '064/BAST/IJE-MYREP/XI/2022', '2024-03-02', 5000000, 550000, 5550000, 100000, 5450000, 'PAID', 5450000, '2024-03-26', 0, 0, '2024-09-19 08:07:34', '2024-09-19 08:07:34'),
(40, NULL, 'SI.2024.03.00040-IJE', NULL, 'SI.2024.03.00040', 'SO.2023.02.00012', '172/BAST/IJE-MYREPUBLIC/VII/2023', '2024-03-02', 8000000, 880000, 8880000, 160000, 8720000, 'PAID', 8720000, '2024-03-26', 0, 0, '2024-09-19 08:07:34', '2024-09-19 08:07:34'),
(41, NULL, 'SI.2024.03.00041-IJE', NULL, 'SI.2024.03.00041', 'SO.2023.02.00011', '171/BAST/IJE-MYREPUBLIC/VII/2023', '2024-03-02', 8000000, 880000, 8880000, 160000, 8720000, 'PAID', 8720000, '2024-03-26', 0, 0, '2024-09-19 08:07:34', '2024-09-19 08:07:34'),
(42, NULL, 'SI.2024.03.00042-IJE', NULL, 'SI.2024.03.00042', 'SO.2023.02.00013', '173/BAST/IJE-MYREPUBLIC/VII/2023', '2024-03-02', 8000000, 880000, 8880000, 160000, 8720000, 'PAID', 8720000, '2024-03-26', 0, 0, '2024-09-19 08:07:34', '2024-09-19 08:07:34'),
(43, NULL, 'SI.2024.03.00043-IJE', NULL, 'SI.2024.03.00043', 'SO.2023.10.00030', '209/BAST/IJE-MYREPUBLIC/X/2023C', '2024-03-02', 4250000, 467500, 4717500, 85000, 4632500, 'PAID', 4632500, '2024-03-26', 0, 0, '2024-09-19 08:07:34', '2024-09-19 08:07:34'),
(44, NULL, 'SI.2024.03.00044-IJE', NULL, 'SI.2024.03.00044', 'SO.2024.02.00018', '100/BAST/IJE-MYREP/III/2023', '2024-03-02', 4250000, 467500, 4717500, 85000, 4632500, 'PAID', 4632500, '2024-03-26', 0, 0, '2024-09-19 08:07:34', '2024-09-19 08:07:34'),
(45, NULL, 'SI.2024.03.00045-IJE', NULL, 'SI.2024.03.00045', 'SO.2024.02.00003', '044/BAST/IJE-MYREP/II/2024', '2024-03-02', 17000000, 1870000, 18870000, 340000, 18530000, 'PAID', 18530000, '2024-03-26', 0, 0, '2024-09-19 08:07:34', '2024-09-19 08:07:34'),
(46, NULL, 'SI.2024.03.00046-IJE', NULL, 'SI.2024.03.00046', 'SO.2023.06.00030', '198/BAST/IJE-MYREPUBLIC/IX/2023', '2024-03-02', 416666667, 45833333, 462500000, 8333333, 454166667, 'PAID', 454166667, '2024-03-26', 0, 0, '2024-09-19 08:07:34', '2024-09-19 08:07:34'),
(47, NULL, 'SI.2024.03.00047-IJE', NULL, 'SI.2024.03.00047', 'SO.2023.12.00014', '273/BAST/IJE-THC/XII/2023', '2024-03-02', 15000000, 1650000, 16650000, 300000, 16350000, 'PAID', 16350000, '2024-05-08', 0, 0, '2024-09-19 08:07:34', '2024-09-19 08:07:34'),
(48, NULL, 'SI.2024.03.00048-IJE', NULL, 'SI.2024.03.00048', 'SO.2024.02.00019', '169/BAST/IJE-THC/VII/2023', '2024-03-02', 5000000, 550000, 5550000, 100000, 5450000, 'PAID', 5450000, '2024-06-01', 0, 0, '2024-09-19 08:07:34', '2024-09-19 08:07:34'),
(49, NULL, 'SI.2024.03.00049-IJE', NULL, 'SI.2024.03.00049', 'SO.2023.06.00053', '159/BAST/IJE-THC/VII/2023', '2024-03-02', 10541400, 1159554, 11700954, 210828, 11490126, 'PAID', 11490126, '2024-06-01', 0, 0, '2024-09-19 08:07:34', '2024-09-19 08:07:34'),
(50, NULL, 'SI.2024.03.00050-IJE', NULL, 'SI.2024.03.00050', 'SO.2023.03.00089', '134/BAST/IJE-THC/V/2023', '2024-03-02', 10800000, 1188000, 11988000, 216000, 11772000, 'PAID', 11772000, '2024-06-01', 0, 0, '2024-09-19 08:07:34', '2024-09-19 08:07:34'),
(51, NULL, 'SI.2024.03.00051-IJE', NULL, 'SI.2024.03.00051', 'SO.2024.02.00021', '175/BAST/IJE-THC/VII/2023-UPGRADE', '2024-03-02', 15000000, 1650000, 16650000, 300000, 16350000, 'PAID', 16350000, '2024-06-01', 0, 0, '2024-09-19 08:07:34', '2024-09-19 08:07:34'),
(52, NULL, 'SI.2024.03.00052-IJE', NULL, 'SI.2024.03.00052', 'SO.2023.10.00012', '235/BAST/IJE-THC/XI/2023', '2024-03-02', 3405000, 374550, 3779550, 68100, 3711450, 'PAID', 3711450, '2024-06-01', 0, 0, '2024-09-19 08:07:34', '2024-09-19 08:07:34'),
(53, NULL, 'SI.2024.03.00053-IJE', NULL, 'SI.2024.03.00053', 'SO.2023.10.00013', '236/BAST/IJE-THC/XI/2023', '2024-03-02', 9363000, 1029930, 10392930, 187260, 10205670, 'PAID', 10205670, '2024-06-01', 0, 0, '2024-09-19 08:07:34', '2024-09-19 08:07:34'),
(54, NULL, 'SI.2024.03.00054-IJE', NULL, 'SI.2024.03.00054', 'SO.2024.01.00006', '097/BAST/IJE-INDONET/II/2023', '2024-03-02', 25000000, 2750000, 27750000, 500000, 27250000, 'PAID', 27250000, '2024-03-27', 0, 0, '2024-09-19 08:07:34', '2024-09-19 08:07:34'),
(55, NULL, 'SI.2024.03.00055-IJE', NULL, 'SI.2024.03.00055', 'SO.2024.01.00073', '080/BAST/IJE-JLA/I/2023', '2024-03-02', 5000000, 550000, 5550000, 100000, 5450000, 'PAID', 5550000, '2024-03-21', 100000, 0, '2024-09-19 08:07:34', '2024-09-19 08:07:34'),
(56, NULL, 'SI.2024.03.00056-IJE', NULL, 'SI.2024.03.00056', 'SO.2024.01.00001', '067/BAST/IJE-JLA/XII/2022', '2024-03-02', 10000000, 1100000, 11100000, 200000, 10900000, 'PAID', 11100000, '2024-03-21', 200000, 0, '2024-09-19 08:07:34', '2024-09-19 08:07:34'),
(57, NULL, 'SI.2024.03.00057-IJE', NULL, 'SI.2024.03.00057', 'SO.2023.12.00003', '242/BAST/IJE-PJLA/XII/2023', '2024-03-02', 10000000, 1100000, 11100000, 200000, 10900000, 'PAID', 11100000, '2024-03-21', 200000, 0, '2024-09-19 08:07:34', '2024-09-19 08:07:34'),
(58, NULL, 'SI.2024.03.00210-IJE', NULL, 'SI.2024.03.00210', 'SO.2024.03.00006', '060/BAST/IJE-JLA/III/2024', '2024-03-02', 5000000, 550000, 5550000, 100000, 5450000, 'PAID', 5550000, '2024-03-21', 100000, 0, '2024-09-19 08:07:34', '2024-09-19 08:07:34'),
(59, NULL, 'SI.2024.03.00058-IJE', NULL, 'SI.2024.03.00058', 'SO.2023.07.00004', '162/BAST/IJE-JLA/VII/2023', '2024-03-02', 5000000, 550000, 5550000, 100000, 5450000, 'PAID', 5550000, '2024-03-21', 100000, 0, '2024-09-19 08:07:34', '2024-09-19 08:07:34'),
(60, NULL, 'SI.2024.03.00059-IJE', NULL, 'SI.2024.03.00059', 'SO.2023.08.00022', '188/BAST/IJE-JLA/VIII/2023-UPGRADE', '2024-03-02', 10000000, 1100000, 11100000, 200000, 10900000, 'PAID', 11100000, '2024-03-21', 200000, 0, '2024-09-19 08:07:34', '2024-09-19 08:07:34'),
(61, NULL, 'SI.2024.03.00067-IJE', NULL, 'SI.2024.03.00067', 'SO.2024.01.00003', '148/BAST/IJE-JLA/VI/2023-UPGRADE', '2024-03-02', 10000000, 1100000, 11100000, 200000, 10900000, 'PAID', 11100000, '2024-03-21', 200000, 0, '2024-09-19 08:07:34', '2024-09-19 08:07:34'),
(62, NULL, 'SI.2024.03.00066-IJE', NULL, 'SI.2024.03.00066', 'SO.2023.11.00001', '221/BAST/IJE-JIB/XI/2023', '2024-03-02', 322200, 35442, 357642, 6444, 351198, 'PAID', 357642, '2024-03-15', 6444, 0, '2024-09-19 08:07:34', '2024-09-19 08:07:34'),
(63, NULL, 'SI.2024.03.00065-IJE', NULL, 'SI.2024.03.00065', 'SO.2023.10.00017', '212/BAST/IJE-JIB/X/2023', '2024-03-02', 1800000, 198000, 1998000, 36000, 1962000, 'PAID', 1998000, '2024-03-15', 36000, 0, '2024-09-19 08:07:34', '2024-09-19 08:07:34'),
(64, NULL, 'SI.2024.03.00064-IJE', NULL, 'SI.2024.03.00064', 'SO.2023.06.00050', '194/BAST/IJE-JIB/IX/2023', '2024-03-02', 27000000, 2970000, 29970000, 540000, 29430000, 'PAID', 29970000, '2024-03-15', 540000, 0, '2024-09-19 08:07:34', '2024-09-19 08:07:34'),
(65, NULL, 'SI.2024.03.00063-IJE', NULL, 'SI.2024.03.00063', 'SO.2024.01.00002', '069/BAST/IJE-JSA/I/2023', '2024-03-02', 15000000, 1650000, 16650000, 300000, 16350000, 'PAID', 16350000, '2024-03-15', 0, 0, '2024-09-19 08:07:34', '2024-09-19 08:07:34'),
(66, NULL, 'SI.2024.03.00062-IJE', NULL, 'SI.2024.03.00062', 'SO.2023.10.00026', '217/BAST/IJE-IDT/XI/2023', '2024-03-02', 25000000, 2750000, 27750000, 500000, 27250000, 'PAID', 27250000, '2024-03-19', 0, 0, '2024-09-19 08:07:34', '2024-09-19 08:07:34'),
(67, NULL, 'SI.2024.03.00061-IJE', NULL, 'SI.2024.03.00061', 'SO.2023.05.00061', '116/BAST/IJE-ITP/IV/2023', '2024-03-02', 8000000, 880000, 8880000, 160000, 8720000, 'PAID', 8880000, '2024-03-20', 160000, 0, '2024-09-19 08:07:34', '2024-09-19 08:07:34'),
(68, NULL, 'SI.2024.03.00060-IJE', NULL, 'SI.2024.03.00060', 'SO.2024.01.00074', '037/BAST/IJE-HANDAYANI/I/2024', '2024-03-02', 40000000, 4400000, 44400000, 800000, 43600000, 'PAID', 44400000, '2024-04-17', 800000, 0, '2024-09-19 08:07:34', '2024-09-19 08:07:34'),
(69, NULL, 'SI.2024.03.00068-IJE', NULL, 'SI.2024.03.00068', 'SO.2023.11.00008', '083/BAST/IJE-POWERTEL/I/2023', '2024-03-02', 10000000, 1100000, 11100000, 200000, 10900000, 'UNPAID', 0, NULL, 0, 0, '2024-09-19 08:07:34', '2024-09-19 08:07:34'),
(70, NULL, 'SI.2024.03.00069-IJE', NULL, 'SI.2024.03.00069', 'SO.2024.01.00072', '105/BAST/IJE-POWERTEL/III/2023', '2024-03-02', 5000000, 550000, 5550000, 100000, 5450000, 'PAID', 5450000, '2024-05-30', 0, 0, '2024-09-19 08:07:34', '2024-09-19 08:07:34'),
(71, NULL, 'SI.2024.03.00077-IJE', NULL, 'SI.2024.03.00077', 'SO.2023.09.00008', '131/BAST/IJE-POWERTEL/XI/2022', '2024-03-02', 10000000, 1100000, 11100000, 200000, 10900000, 'UNPAID', 0, NULL, 0, 0, '2024-09-19 08:07:34', '2024-09-19 08:07:34'),
(72, NULL, 'SI.2024.03.00076-IJE', NULL, 'SI.2024.03.00076', 'SO.2023.10.00033', '250/BAST/IJE-POWERTEL/XII/2023', '2024-03-02', 3240600, 356466, 3597066, 64812, 3532254, 'PAID', 3532254, '2024-03-20', 0, 0, '2024-09-19 08:07:34', '2024-09-19 08:07:34'),
(73, NULL, 'SI.2024.03.00075-IJE', NULL, 'SI.2024.03.00075', 'SO.2023.10.00034', '006/BAST/IJE-POWERTEL/I/2024', '2024-03-02', 14864400, 1635084, 16499484, 297288, 16202196, 'UNPAID', 0, NULL, 0, 0, '2024-09-19 08:07:34', '2024-09-19 08:07:34'),
(74, NULL, 'SI.2024.03.00070-IJE', NULL, 'SI.2024.03.00070', 'SO.2023.10.00035', '041/BAST/IJE-POWERTEL/I/2024', '2024-03-02', 13155600, 1447116, 14602716, 263112, 14339604, 'PAID', 14339604, '2024-05-30', 0, 0, '2024-09-19 08:07:34', '2024-09-19 08:07:34'),
(75, NULL, 'SI.2024.03.00071-IJE', NULL, 'SI.2024.03.00071', 'SO.2023.03.00140', '138/BAST/IJE-LAXO/VI/2023', '2024-03-02', 10656000, 1172160, 11828160, 213120, 11615040, 'PAID', 11615040, '2024-04-20', 0, 0, '2024-09-19 08:07:34', '2024-09-19 08:07:34'),
(76, NULL, 'SI.2024.03.00072-IJE', NULL, 'SI.2024.03.00072', 'SO.2023.08.00004', '085/BAST/IJE-URBANA/I/2023-UPGRADE', '2024-03-02', 16000000, 1760000, 17760000, 320000, 17440000, 'PAID', 17760000, '2024-05-18', 320000, 0, '2024-09-19 08:07:34', '2024-09-19 08:07:34'),
(77, NULL, 'SI.2024.03.00073-IJE', NULL, 'SI.2024.03.00073', 'SO.2023.06.00029', '265/BAST/IJE-MVNET/XI/2023', '2024-03-02', 1320000, 145200, 1465200, 26400, 1438800, 'PAID', 1438800, '2024-03-26', 0, 0, '2024-09-19 08:07:34', '2024-09-19 08:07:34'),
(78, NULL, 'SI.2024.03.00074-IJE', NULL, 'SI.2024.03.00074', 'SO.2023.06.00026', '262/BAST/IJE-MVNET/XI/2023', '2024-03-02', 2809290, 309022, 3118312, 56186, 3062126, 'PAID', 3062126, '2024-03-26', 0, 0, '2024-09-19 08:07:34', '2024-09-19 08:07:34'),
(79, NULL, 'SI.2024.03.00079-IJE', NULL, 'SI.2024.03.00079', 'SO.2023.06.00017', '263/BAST/IJE-MVNET/XI/2023', '2024-03-02', 1839090, 202300, 2041390, 36782, 2004608, 'PAID', 2004608, '2024-03-26', 0, 0, '2024-09-19 08:07:34', '2024-09-19 08:07:34'),
(80, NULL, 'SI.2024.03.00078-IJE', NULL, 'SI.2024.03.00078', 'SO.2023.06.00001', '258/BAST/IJE-MVNET/XI/2023', '2024-03-02', 3025770, 332835, 3358605, 60515, 3298089, 'PAID', 3298089, '2024-03-26', 0, 0, '2024-09-19 08:07:34', '2024-09-19 08:07:34'),
(81, NULL, 'SI.2024.03.00084-IJE', NULL, 'SI.2024.03.00084', 'SO.2023.06.00018', '260/BAST/IJE-MVNET/XI/2023', '2024-03-02', 634920, 69841, 704761, 12698, 692063, 'PAID', 692063, '2024-03-26', 0, 0, '2024-09-19 08:07:34', '2024-09-19 08:07:34'),
(82, NULL, 'SI.2024.03.00083-IJE', NULL, 'SI.2024.03.00083', 'SO.2023.06.00027', '264/BAST/IJE-MVNET/XI/2023', '2024-03-02', 3039300, 334323, 3373623, 60786, 3312837, 'PAID', 3312837, '2024-03-26', 0, 0, '2024-09-19 08:07:34', '2024-09-19 08:07:34'),
(83, NULL, 'SI.2024.03.00082-IJE', NULL, 'SI.2024.03.00082', 'SO.2023.10.00019', '048/BAST/IJE-MVNET/X/2022', '2024-03-02', 15000000, 1650000, 16650000, 300000, 16350000, 'PAID', 16350000, '2024-03-26', 0, 0, '2024-09-19 08:07:34', '2024-09-19 08:07:34'),
(84, NULL, 'SI.2024.03.00081-IJE', NULL, 'SI.2024.03.00081', 'SO.2023.10.00018', '010/BAST/IJE-MVNET/IV/2022', '2024-03-02', 15000000, 1650000, 16650000, 300000, 16350000, 'PAID', 16350000, '2024-03-26', 0, 0, '2024-09-19 08:07:34', '2024-09-19 08:07:34'),
(85, NULL, 'SI.2024.03.00080-IJE', NULL, 'SI.2024.03.00080', 'SO.2023.06.00003', '259/BAST/IJE-MVNET/XI/2023', '2024-03-02', 3025770, 332835, 3358605, 60515, 3298089, 'PAID', 3298089, '2024-03-26', 0, 0, '2024-09-19 08:07:34', '2024-09-19 08:07:34'),
(86, NULL, 'SI.2024.03.00089-IJE', NULL, 'SI.2024.03.00089', 'SO.2023.06.00004', '237/BAST/IJE-MVNET/XI/2023', '2024-03-02', 14845710, 1633028, 16478738, 296914, 16181824, 'PAID', 16181824, '2024-03-26', 0, 0, '2024-09-19 08:07:34', '2024-09-19 08:07:34'),
(87, NULL, 'SI.2024.03.00088-IJE', NULL, 'SI.2024.03.00088', 'SO.2023.06.00025', '261/BAST/IJE-MVNET/XI/2023', '2024-03-02', 2690490, 295954, 2986444, 53810, 2932634, 'PAID', 2932634, '2024-03-26', 0, 0, '2024-09-19 08:07:34', '2024-09-19 08:07:34'),
(88, NULL, 'SI.2024.03.00087-IJE', NULL, 'SI.2024.03.00087', 'SO.2023.09.00017', '238/BAST/IJE-MVNET/XI/2023', '2024-03-02', 4000000, 440000, 4440000, 80000, 4360000, 'PAID', 4360000, '2024-03-26', 0, 0, '2024-09-19 08:07:34', '2024-09-19 08:07:34'),
(89, NULL, 'SI.2024.03.00086-IJE', NULL, 'SI.2024.03.00086', 'SO.2023.09.00018', '239/BAST/IJE-MVNET/XI/2023', '2024-03-02', 8000000, 880000, 8880000, 160000, 8720000, 'PAID', 8720000, '2024-03-26', 0, 0, '2024-09-19 08:07:34', '2024-09-19 08:07:34'),
(90, NULL, 'SI.2024.03.00085-IJE', NULL, 'SI.2024.03.00085', 'SO.2023.09.00014', '257/BAST/IJE-MVNET/XII/2023', '2024-03-02', 4000000, 440000, 4440000, 80000, 4360000, 'PAID', 4360000, '2024-03-26', 0, 0, '2024-09-19 08:07:34', '2024-09-19 08:07:34'),
(91, NULL, 'SI.2024.03.00099-IJE', NULL, 'SI.2024.03.00099', 'SO.2023.09.00016', '252/BAST/IJE-MVNET/XII/2023', '2024-03-02', 4000000, 12320000, 16320000, 80000, 16240000, 'PAID', 4360000, '2024-03-26', 0, 11880000, '2024-09-19 08:07:34', '2024-09-19 08:07:34'),
(92, NULL, 'SI.2024.03.00098-IJE', NULL, 'SI.2024.03.00098', 'SO.2023.09.00013', '253/BAST/IJE-MVNET/XII/2023', '2024-03-02', 4000000, 440000, 4440000, 80000, 4360000, 'PAID', 4360000, '2024-03-26', 0, 0, '2024-09-19 08:07:34', '2024-09-19 08:07:34'),
(93, NULL, 'SI.2024.03.00097-IJE', NULL, 'SI.2024.03.00097', 'SO.2023.09.00010', '255/BAST/IJE-MVNET/XII/2023', '2024-03-02', 4000000, 440000, 4440000, 80000, 4360000, 'PAID', 4360000, '2024-03-26', 0, 0, '2024-09-19 08:07:34', '2024-09-19 08:07:34'),
(94, NULL, 'SI.2024.03.00096-IJE', NULL, 'SI.2024.03.00096', 'SO.2023.09.00011', '251/BAST/IJE-MVNET/XII/2023', '2024-03-02', 4000000, 440000, 4440000, 80000, 4360000, 'PAID', 4360000, '2024-03-26', 0, 0, '2024-09-19 08:07:34', '2024-09-19 08:07:34'),
(95, NULL, 'SI.2024.03.00095-IJE', NULL, 'SI.2024.03.00095', 'SO.2023.09.00012', '256/BAST/IJE-MVNET/XII/2023', '2024-03-02', 4000000, 440000, 4440000, 80000, 4360000, 'PAID', 4360000, '2024-03-26', 0, 0, '2024-09-19 08:07:34', '2024-09-19 08:07:34'),
(96, NULL, 'SI.2024.03.00094-IJE', NULL, 'SI.2024.03.00094', 'SO.2023.09.00015', '254/BAST/IJE-MVNET/XII/2023', '2024-03-02', 4000000, 440000, 4440000, 80000, 4360000, 'PAID', 4360000, '2024-03-26', 0, 0, '2024-09-19 08:07:34', '2024-09-19 08:07:34'),
(97, NULL, 'SI.2024.03.00093-IJE', NULL, 'SI.2024.03.00093', 'SO.2023.06.00007', '266/BAST/IJE-MVNET/XII/2023', '2024-03-02', 20962920, 2305921, 23268841, 419258, 22849583, 'PAID', 22849583, '2024-03-26', 0, 0, '2024-09-19 08:07:34', '2024-09-19 08:07:34'),
(98, NULL, 'SI.2024.03.00092-IJE', NULL, 'SI.2024.03.00092', 'SO.2023.06.00008', '267/BAST/IJE-MVNET/XII/2023', '2024-03-02', 14236860, 1566055, 15802915, 284737, 15518177, 'PAID', 15518177, '2024-03-26', 0, 0, '2024-09-19 08:07:34', '2024-09-19 08:07:34'),
(99, NULL, 'SI.2024.03.00091-IJE', NULL, 'SI.2024.03.00091', 'SO.2023.06.00009', '268/BAST/IJE-MVNET/XII/2023', '2024-03-02', 16094430, 1770387, 17864817, 321889, 17542929, 'PAID', 17542929, '2024-03-26', 0, 0, '2024-09-19 08:07:34', '2024-09-19 08:07:34'),
(100, NULL, 'SI.2024.03.00090-IJE', NULL, 'SI.2024.03.00090', 'SO.2023.06.00014', '269/BAST/IJE-MVNET/XII/2023', '2024-03-02', 20251770, 2227695, 22479465, 405035, 22074429, 'PAID', 22074429, '2024-03-26', 0, 0, '2024-09-19 08:07:34', '2024-09-19 08:07:34'),
(101, NULL, 'SI.2024.03.00100-IJE', NULL, 'SI.2024.03.00100', 'SO.2023.06.00015', '270/BAST/IJE-MVNET/XII/2023', '2024-03-02', 5397480, 593723, 5991203, 107950, 5883253, 'PAID', 5883253, '2024-03-26', 0, 0, '2024-09-19 08:07:34', '2024-09-19 08:07:34'),
(102, NULL, 'SI.2024.03.00101-IJE', NULL, 'SI.2024.03.00101', 'SO.2023.06.00012', '271/BAST/IJE-MVNET/XII/2023', '2024-03-02', 7495950, 824555, 8320505, 149919, 8170586, 'PAID', 8170585, '2024-03-26', 0, 1, '2024-09-19 08:07:34', '2024-09-19 08:07:34'),
(103, NULL, 'SI.2024.03.00102-IJE', NULL, 'SI.2024.03.00102', 'SO.2023.06.00013', '272/BAST/IJE-MVNET/XII/2023', '2024-03-02', 6900960, 759106, 7660066, 138019, 7522046, 'PAID', 7522046, '2024-03-26', 0, 0, '2024-09-19 08:07:34', '2024-09-19 08:07:34'),
(104, NULL, 'SI.2024.03.00103-IJE', NULL, 'SI.2024.03.00103', 'SO.2023.06.00010', '275/BAST/IJE-MVNET/XII/2023', '2024-03-02', 9396420, 1033606, 10430026, 187928, 10242098, 'PAID', 10242098, '2024-03-26', 0, 0, '2024-09-19 08:07:34', '2024-09-19 08:07:34'),
(105, NULL, 'SI.2024.03.00104-IJE', NULL, 'SI.2024.03.00104', 'SO.2023.06.00011', '278/BAST/IJE-MVNET/XII/2023', '2024-03-02', 10963260, 1205959, 12169219, 219265, 11949953, 'PAID', 11949953, '2024-03-26', 0, 0, '2024-09-19 08:07:34', '2024-09-19 08:07:34'),
(106, NULL, 'SI.2024.03.00105-IJE', NULL, 'SI.2024.03.00105', 'SO.2024.01.00008', '277/BAST/IJE-MVNET/XII/2023', '2024-03-02', 922020, 101422, 1023442, 18440, 1005002, 'PAID', 1005002, '2024-03-26', 0, 0, '2024-09-19 08:07:34', '2024-09-19 08:07:34'),
(107, NULL, 'SI.2024.03.00106-IJE', NULL, 'SI.2024.03.00106', 'SO.2023.06.00016', '276/BAST/IJE-MVNET/XII/2023', '2024-03-02', 1215720, 133729, 1349449, 24314, 1325135, 'PAID', 1325135, '2024-03-26', 0, 0, '2024-09-19 08:07:34', '2024-09-19 08:07:34'),
(108, NULL, 'SI.2024.03.00107-IJE', NULL, 'SI.2024.03.00107', 'SO.2022.12.00038', '119/BAST/IJE-PNV/IV/2023', '2024-03-02', 5000000, 550000, 5550000, 100000, 5450000, 'PAID', 5550000, '2024-04-26', 100000, 0, '2024-09-19 08:07:34', '2024-09-19 08:07:34'),
(109, NULL, 'SI.2024.03.00108-IJE', NULL, 'SI.2024.03.00108', 'SO.2023.11.00038', '229/BAST/IJE-APRIN/XI/2023', '2024-03-02', 39766560, 4374322, 44140882, 795331, 43345550, 'PAID', 44140881, '2024-03-24', 795331, 0, '2024-09-19 08:07:34', '2024-09-19 08:07:34'),
(110, NULL, 'SI.2024.03.00109-IJE', NULL, 'SI.2024.03.00109', 'SO.2024.01.00039', '039/BAST/IJE-APRIN/I/2024', '2024-03-02', 20000000, 2200000, 22200000, 400000, 21800000, 'PAID', 22200000, '2024-03-24', 400000, 0, '2024-09-19 08:07:34', '2024-09-19 08:07:34'),
(111, NULL, 'SI.2024.03.00118-IJE', NULL, 'SI.2024.03.00118', 'SO.2023.03.00062', '150/BAST/IJE-SANDYA/VI/2022', '2024-03-02', 6089789, 669877, 6759666, 121796, 6637870, 'PAID', 6637870, '2024-04-18', 0, 0, '2024-09-19 08:07:34', '2024-09-19 08:07:34'),
(112, NULL, 'SI.2024.03.00117-IJE', NULL, 'SI.2024.03.00117', 'SO.2023.03.00061', '155/BAST/IJE-SANDYA/VI/2023', '2024-03-02', 1725901, 189849, 1915750, 34518, 1881232, 'PAID', 1881232, '2024-04-18', 0, 0, '2024-09-19 08:07:34', '2024-09-19 08:07:34'),
(113, NULL, 'SI.2024.03.00113-IJE', NULL, 'SI.2024.03.00113', 'SO.2023.03.00063', '195/BAST/IJE-BEENET/IX/2023', '2024-03-02', 11175120, 1229263, 12404383, 223502, 12180881, 'PAID', 12180881, '2024-03-14', 0, 0, '2024-09-19 08:07:34', '2024-09-19 08:07:34'),
(114, NULL, 'SI.2024.03.00114-IJE', NULL, 'SI.2024.03.00114', 'SO.2023.03.00059', '196/BAST/IJE-BEENET/IX/2023', '2024-03-02', 4035900, 443949, 4479849, 80718, 4399131, 'PAID', 4399131, '2024-03-14', 0, 0, '2024-09-19 08:07:34', '2024-09-19 08:07:34'),
(115, NULL, 'SI.2024.03.00115-IJE', NULL, 'SI.2024.03.00115', 'SO.2024.01.00004', 'BAA', '2024-03-02', 2871330, 315846, 3187176, 57427, 3129750, 'PAID', 3129750, '2024-03-14', 0, 0, '2024-09-19 08:07:34', '2024-09-19 08:07:34'),
(116, NULL, 'SI.2024.03.00112-IJE', NULL, 'SI.2024.03.00112', 'SO.2023.03.00060', '197/BAST/IJE-BEENET/IX/2023', '2024-03-02', 7260000, 798600, 8058600, 145200, 7913400, 'PAID', 7913400, '2024-03-14', 0, 0, '2024-09-19 08:07:34', '2024-09-19 08:07:34'),
(117, NULL, 'SI.2024.03.00116-IJE', NULL, 'SI.2024.03.00116', 'SO.2023.03.00064', '245/BAST/IJE-SANDYA/XII/2023', '2024-03-02', 9894444, 1088389, 10982833, 197889, 10784944, 'PAID', 10784944, '2024-04-18', 0, 0, '2024-09-19 08:07:34', '2024-09-19 08:07:34'),
(118, NULL, 'SI.2024.03.00119-IJE', NULL, 'SI.2024.03.00119', 'SO.2023.03.00065', '245/BAST/IJE-SANDYA/XII/2023', '2024-03-02', 10659570, 1172553, 11832123, 213191, 11618931, 'PAID', 11618931, '2024-04-18', 0, 0, '2024-09-19 08:07:34', '2024-09-19 08:07:34'),
(119, NULL, 'SI.2024.03.00111-IJE', NULL, 'SI.2024.03.00111', 'SO.2023.03.00079', '245/BAST/IJE-SANDYA/XII/2023', '2024-03-02', 14285700, 1571427, 15857127, 285714, 15571413, 'PAID', 15571413, '2024-03-28', 0, 0, '2024-09-19 08:07:34', '2024-09-19 08:07:34'),
(120, NULL, 'SI.2024.03.00110-IJE', NULL, 'SI.2024.03.00110', 'SO.2024.01.00013', '245/BAST/IJE-SANDYA/XII/2023', '2024-03-02', 16176600, 1779426, 17956026, 323532, 17632494, 'PAID', 17632494, '2024-03-28', 0, 0, '2024-09-19 08:07:34', '2024-09-19 08:07:34'),
(121, NULL, 'SI.2024.03.00128-IJE', NULL, 'SI.2024.03.00128', 'SO.2024.01.00014', '245/BAST/IJE-SANDYA/XII/2023', '2024-03-02', 5350693, 588576, 5939269, 107014, 5832255, 'PAID', 5832255, '2024-04-18', 0, 0, '2024-09-19 08:07:34', '2024-09-19 08:07:34'),
(122, NULL, 'SI.2024.03.00127-IJE', NULL, 'SI.2024.03.00127', 'SO.2024.01.00015', '245/BAST/IJE-SANDYA/XII/2023', '2024-03-02', 924000, 101640, 1025640, 18480, 1007160, 'PAID', 1007160, '2024-04-18', 0, 0, '2024-09-19 08:07:34', '2024-09-19 08:07:34'),
(123, NULL, 'SI.2024.03.00126-IJE', NULL, 'SI.2024.03.00126', 'SO.2024.01.00007', '271-0000109173', '2024-03-02', 112000000, 12320000, 124320000, 2240000, 122080000, 'PAID', 122080000, '2024-04-20', 0, 0, '2024-09-19 08:07:34', '2024-09-19 08:07:34'),
(124, NULL, 'SI.2024.03.00125-IJE', NULL, 'SI.2024.03.00125', 'SO.2024.01.00016', '036/BAST/IJE-REGYNET/I/2024', '2024-03-02', 15000000, 1650000, 16650000, 300000, 16350000, 'PAID', 16350000, '2024-03-23', 0, 0, '2024-09-19 08:07:34', '2024-09-19 08:07:34'),
(125, NULL, 'SI.2024.03.00124-IJE', NULL, 'SI.2024.03.00124', 'SO.2023.07.00022', '180/BAST/IJE-REGYNET/III/2023', '2024-03-02', 5000000, 550000, 5550000, 100000, 5450000, 'PAID', 5450000, '2024-03-23', 0, 0, '2024-09-19 08:07:34', '2024-09-19 08:07:34'),
(126, NULL, 'SI.2024.03.00123-IJE', NULL, 'SI.2024.03.00123', 'SO.2024.01.00038', '035/BAST/IJE-REGYNET/I/2024', '2024-03-02', 9889583, 1087854, 10977437, 197792, 10779645, 'PAID', 10779645, '2024-03-23', 0, 0, '2024-09-19 08:07:34', '2024-09-19 08:07:34'),
(127, NULL, 'SI.2024.03.00122-IJE', NULL, 'SI.2024.03.00122', 'SO.2023.09.00025', '206/BAST/IJE-VICTORY/X/2023', '2024-03-02', 5000000, 550000, 5550000, 100000, 5450000, 'PAID', 5450000, '2024-04-25', 0, 0, '2024-09-19 08:07:34', '2024-09-19 08:07:34'),
(128, NULL, 'SI.2024.03.00121-IJE', NULL, 'SI.2024.03.00121', 'SO.2023.09.00026', '207/BAST/IJE-VICTORY/X/2023', '2024-03-02', 5000000, 550000, 5550000, 100000, 5450000, 'PAID', 5450000, '2024-05-09', 0, 0, '2024-09-19 08:07:34', '2024-09-19 08:07:34'),
(129, NULL, 'SI.2024.03.00120-IJE', NULL, 'SI.2024.03.00120', 'SO.2023.11.00002', '215/BAST/IJE-VICTORY/XI/2023', '2024-03-02', 5000000, 550000, 5550000, 100000, 5450000, 'PAID', 5450000, '2024-05-09', 0, 0, '2024-09-19 08:07:34', '2024-09-19 08:07:34'),
(130, NULL, 'SI.2024.03.00129-IJE', NULL, 'SI.2024.03.00129', 'SO.2023.09.00024', '205/BAST/IJE/VICTORY/X/2023', '2024-03-02', 15000000, 1650000, 16650000, 300000, 16350000, 'PAID', 16350000, '2024-04-25', 0, 0, '2024-09-19 08:07:34', '2024-09-19 08:07:34'),
(131, NULL, 'SI.2024.03.00138-IJE', NULL, 'SI.2024.03.00138', 'SO.2023.10.00003', '249/BAST/IJE-ASNET/XI/2023', '2024-03-02', 55000000, 6050000, 61050000, 1100000, 59950000, 'PAID', 61050000, '2024-06-20', 1100000, 0, '2024-09-19 08:07:34', '2024-09-19 08:07:34'),
(132, NULL, 'SI.2024.03.00137-IJE', NULL, 'SI.2024.03.00137', 'SO.2024.01.00009', '187/BAST/IJE-TERABYTE/VIII/2023', '2024-03-02', 11000000, 1210000, 12210000, 220000, 11990000, 'UNPAID', 0, NULL, 0, 0, '2024-09-19 08:07:34', '2024-09-19 08:07:34'),
(133, NULL, 'SI.2024.03.00136-IJE', NULL, 'SI.2024.03.00136', 'SO.2023.04.00076', '120/BAST/IJE-PAGLO/IV/2023-UPGRADE', '2024-03-02', 25000000, 2750000, 27750000, 500000, 27250000, 'PAID', 27750000, '2024-05-21', 500000, 0, '2024-09-19 08:07:34', '2024-09-19 08:07:34'),
(134, NULL, 'SI.2024.03.00135-IJE', NULL, 'SI.2024.03.00135', 'SO.2023.01.00010', '016/BAST/IJE-NUEVIZ/IV/2022', '2024-03-02', 8000000, 880000, 8880000, 160000, 8720000, 'PAID', 8720000, '2024-05-17', 0, 0, '2024-09-19 08:07:34', '2024-09-19 08:07:34'),
(135, NULL, 'SI.2024.03.00134-IJE', NULL, 'SI.2024.03.00134', 'SO.2023.12.00002', 'BAA', '2024-03-02', 3379800, 371778, 3751578, 67596, 3683982, 'UNPAID', 0, NULL, 0, 0, '2024-09-19 08:07:34', '2024-09-19 08:07:34'),
(136, NULL, 'SI.2024.03.00133-IJE', NULL, 'SI.2024.03.00133', 'SO.2023.07.00014', 'BAA', '2024-03-02', 10332000, 1136520, 11468520, 206640, 11261880, 'PAID', 11468520, '2024-06-08', 206640, 0, '2024-09-19 08:07:34', '2024-09-19 08:07:34'),
(137, NULL, 'SI.2024.03.00132-IJE', NULL, 'SI.2024.03.00132', 'SO.2024.02.00004', '047/BAST/IJE/PRONET/II/2024', '2024-03-02', 10000000, 1100000, 11100000, 200000, 10900000, 'PAID', 11100000, '2024-06-08', 200000, 0, '2024-09-19 08:07:34', '2024-09-19 08:07:34'),
(138, NULL, 'SI.2024.03.00131-IJE', NULL, 'SI.2024.03.00131', 'SO.2024.02.00001', '085/BAST/IJE-VSA/I/2023', '2024-03-02', 5000000, 550000, 5550000, 100000, 5450000, 'PAID', 5450000, '2024-03-19', 0, 0, '2024-09-19 08:07:34', '2024-09-19 08:07:34'),
(139, NULL, 'SI.2024.03.00130-IJE', NULL, 'SI.2024.03.00130', 'SO.2024.01.00010', '073/BAST/IJE-VSA/I/2023-UPGRADE', '2024-03-02', 20000000, 2200000, 22200000, 400000, 21800000, 'PAID', 21800000, '2024-03-19', 0, 0, '2024-09-19 08:07:34', '2024-09-19 08:07:34'),
(140, NULL, 'SI.2024.03.00139-IJE', NULL, 'SI.2024.03.00139', 'SO.2024.03.00002', '106/BAST/IJE-TBG/III/2023', '2024-03-02', 595000, 65450, 660450, 11900, 648550, 'PAID', 648550, '2024-08-16', 0, 0, '2024-09-19 08:07:34', '2024-09-19 08:07:34'),
(141, NULL, 'SI.2024.03.00141-IJE', NULL, 'SI.2024.03.00141', 'SO.2023.07.00012', '025/BAST/IJE/TGG/VII/2022', '2024-03-02', 8000000, 880000, 8880000, 160000, 8720000, 'PAID', 8720000, '2024-03-21', 0, 0, '2024-09-19 08:07:34', '2024-09-19 08:07:34'),
(142, NULL, 'SI.2024.03.00145-IJE', NULL, 'SI.2024.03.00145', 'SO.2024.01.00048', '032/BAST/IJE-TGG/I/2024', '2024-03-02', 16000000, 1760000, 17760000, 320000, 17440000, 'PAID', 17440000, '2024-03-21', 0, 0, '2024-09-19 08:07:34', '2024-09-19 08:07:34'),
(143, NULL, 'SI.2024.03.00146-IJE', NULL, 'SI.2024.03.00146', 'SO.2023.06.00057', '203/BAST/IJE-SIBERTECH/IX/2023', '2024-03-02', 1000000, 110000, 1110000, 20000, 1090000, 'PAID', 1110000, '2024-03-21', 20000, 0, '2024-09-19 08:07:34', '2024-09-19 08:07:34'),
(144, NULL, 'SI.2024.03.00147-IJE', NULL, 'SI.2024.03.00147', 'SO.2023.06.00058', '202/BAST/IJE-SIBERTECH/IX/2023', '2024-03-02', 50743179, 5581750, 56324929, 1014864, 55310065, 'PAID', 56324928, '2024-03-22', 1014863, 0, '2024-09-19 08:07:34', '2024-09-19 08:07:34'),
(145, NULL, 'SI.2024.03.00148-IJE', NULL, 'SI.2024.03.00148', 'SO.2023.10.00025', '230/BAST/IJE-WIFIKU/XI/2023', '2024-03-02', 10000000, 1100000, 11100000, 200000, 10900000, 'PAID', 10900000, '2024-04-05', 0, 0, '2024-09-19 08:07:34', '2024-09-19 08:07:34'),
(146, NULL, 'SI.2024.03.00149-IJE', NULL, 'SI.2024.03.00149', 'SO.2023.10.00001', '001/BAST/IJE-WIFIKU/IV/2022', '2024-03-02', 8000000, 880000, 8880000, 160000, 8720000, 'PAID', 8720000, '2024-04-05', 0, 0, '2024-09-19 08:07:34', '2024-09-19 08:07:34'),
(147, NULL, 'SI.2024.03.00140-IJE', NULL, 'SI.2024.03.00140', 'SO.2023.06.00034', '151/BAST/IJE-WIFIAN/VI/2023', '2024-03-02', 10000000, 1100000, 11100000, 200000, 10900000, 'PAID', 11100000, '2024-05-17', 200000, 0, '2024-09-19 08:07:34', '2024-09-19 08:07:34'),
(148, NULL, 'SI.2024.03.00142-IJE', NULL, 'SI.2024.03.00142', 'SO.2023.07.00024', '023/BAST/IJE/WIFIAN/VI/2022', '2024-03-02', 34711000, 3818210, 38529210, 694220, 37834990, 'PAID', 38529210, '2024-05-17', 694220, 0, '2024-09-19 08:07:34', '2024-09-19 08:07:34'),
(149, NULL, 'SI.2024.03.00143-IJE', NULL, 'SI.2024.03.00143', 'SO.2023.08.00008', '032/BAST/IJE/WIFIAN/VII/2022', '2024-03-02', 48200000, 5302000, 53502000, 964000, 52538000, 'PAID', 53502000, '2024-04-26', 964000, 0, '2024-09-19 08:07:34', '2024-09-19 08:07:34'),
(150, NULL, 'SI.2024.03.00144-IJE', NULL, 'SI.2024.03.00144', 'SO.2023.11.00016', '005/BAST/IJE-SMI/I/2024', '2024-03-02', 20544000, 2259840, 22803840, 410880, 22392960, 'PAID', 22803840, '2024-03-14', 410880, 0, '2024-09-19 08:07:34', '2024-09-19 08:07:34'),
(151, NULL, 'SI.2024.03.00152-IJE', NULL, 'SI.2024.03.00152', 'SO.2024.01.00047', '046/BAST/IJE-FPI/II/2024', '2024-03-02', 10500000, 1155000, 11655000, 210000, 11445000, 'PAID', 11445000, '2024-05-22', 0, 0, '2024-09-19 08:07:34', '2024-09-19 08:07:34'),
(152, NULL, 'SI.2024.03.00151-IJE', NULL, 'SI.2024.03.00151', 'SO.2023.11.00011', '224/BAST/IJE-PFI/XI/2023', '2024-03-02', 4000000, 440000, 4440000, 80000, 4360000, 'PAID', 4360000, '2024-03-19', 0, 0, '2024-09-19 08:07:34', '2024-09-19 08:07:34'),
(153, NULL, 'SI.2024.03.00150-IJE', NULL, 'SI.2024.03.00150', 'SO.2024.01.00049', '045/BAST/IJE-FPI/II/2024', '2024-03-02', 3500000, 385000, 3885000, 70000, 3815000, 'PAID', 3815000, '2024-03-19', 0, 0, '2024-09-19 08:07:34', '2024-09-19 08:07:34'),
(154, NULL, 'SI.2024.03.00209-IJE', NULL, 'SI.2024.03.00209', 'SO.2024.01.00012', '061/BAST/IJE-PFI/III/2024', '2024-03-02', 10500000, 1155000, 11655000, 210000, 11445000, 'UNPAID', 0, NULL, 0, 0, '2024-09-19 08:07:34', '2024-09-19 08:07:34'),
(155, NULL, 'SI.2024.03.00158-IJE', NULL, 'SI.2024.03.00158', 'SO.2023.11.00019', '280/BAST/IJE-PFI/XII/2023', '2024-03-02', 3500000, 385000, 3885000, 70000, 3815000, 'PAID', 3815000, '2024-03-19', 0, 0, '2024-09-19 08:07:34', '2024-09-19 08:07:34'),
(156, NULL, 'SI.2024.03.00157-IJE', NULL, 'SI.2024.03.00157', 'SO.2024.01.00045', '030/BAST/IJE-PRIMAHOME/I/2024', '2024-03-02', 20000000, 2200000, 22200000, 400000, 21800000, 'PAID', 22200000, '2024-03-23', 400000, 0, '2024-09-19 08:07:34', '2024-09-19 08:07:34'),
(157, NULL, 'SI.2024.03.00156-IJE', NULL, 'SI.2024.03.00156', 'SO.2023.12.00017', '002/BAST/IJE-PRIMAHOME/I/2024', '2024-03-02', 5000000, 550000, 5550000, 100000, 5450000, 'PAID', 5550000, '2024-03-23', 100000, 0, '2024-09-19 08:07:34', '2024-09-19 08:07:34'),
(158, NULL, 'SI.2024.03.00155-IJE', NULL, 'SI.2024.03.00155', 'SO.2023.12.00018', '001/BAST/IJE-PRIMAHOME/I/2024', '2024-03-02', 5000000, 550000, 5550000, 100000, 5450000, 'PAID', 5550000, '2024-03-23', 100000, 0, '2024-09-19 08:07:34', '2024-09-19 08:07:34'),
(159, NULL, 'SI.2024.03.00154-IJE', NULL, 'SI.2024.03.00154', 'SO.2024.01.00076', '049/BAST/IJE-TDP/II/2024', '2024-03-02', 12000000, 1320000, 13320000, 240000, 13080000, 'PAID', 13320000, '2024-03-28', 240000, 0, '2024-09-19 08:07:34', '2024-09-19 08:07:34'),
(160, NULL, 'SI.2024.03.00153-IJE', NULL, 'SI.2024.03.00153', 'SO.2023.03.00027', '121/BAST/IJE-MYNET/IV/2023-UPGRADE', '2024-03-02', 17500000, 1925000, 19425000, 350000, 19075000, 'UNPAID', 0, NULL, 0, 0, '2024-09-19 08:07:34', '2024-09-19 08:07:34'),
(161, NULL, 'SI.2024.03.00167-IJE', NULL, 'SI.2024.03.00167', 'SO.2023.07.00018', '021/BAST/IJE/VBR/VI/2022', '2024-03-02', 15305100, 1683561, 16988661, 306102, 16682559, 'PAID', 16682559, '2024-04-17', 0, 0, '2024-09-19 08:07:34', '2024-09-19 08:07:34'),
(162, NULL, 'SI.2024.03.00166-IJE', NULL, 'SI.2024.03.00166', 'SO.2023.07.00017', '020/BAST/IJE/VBR/VI/2022', '2024-03-02', 15305100, 1683561, 16988661, 306102, 16682559, 'PAID', 16682559, '2024-04-17', 0, 0, '2024-09-19 08:07:34', '2024-09-19 08:07:34'),
(163, NULL, 'SI.2024.03.00165-IJE', NULL, 'SI.2024.03.00165', 'SO.2023.12.00001', '086/BAST/IJE-VBR/I/2023', '2024-03-02', 1500000, 165000, 1665000, 30000, 1635000, 'PAID', 1635000, '2024-04-17', 0, 0, '2024-09-19 08:07:34', '2024-09-19 08:07:34'),
(164, NULL, 'SI.2024.03.00164-IJE', NULL, 'SI.2024.03.00164', 'SO.2024.01.00028', '026/BAST/IJE-VIBERLINK/I/2024', '2024-03-02', 8000000, 880000, 8880000, 160000, 8720000, 'UNPAID', 0, NULL, 0, 0, '2024-09-19 08:07:34', '2024-09-19 08:07:34'),
(165, NULL, 'SI.2024.03.00163-IJE', NULL, 'SI.2024.03.00163', 'SO.2024.01.00026', '022/BAST/IJE-VIBERLINK/I/2024', '2024-03-02', 8000000, 880000, 8880000, 160000, 8720000, 'UNPAID', 0, NULL, 0, 0, '2024-09-19 08:07:34', '2024-09-19 08:07:34'),
(166, NULL, 'SI.2024.03.00162-IJE', NULL, 'SI.2024.03.00162', 'SO.2024.01.00024', '024/BAST/IJE-VIBERLINK/I/2024', '2024-03-02', 8000000, 880000, 8880000, 160000, 8720000, 'UNPAID', 0, NULL, 0, 0, '2024-09-19 08:07:34', '2024-09-19 08:07:34'),
(167, NULL, 'SI.2024.03.00161-IJE', NULL, 'SI.2024.03.00161', 'SO.2024.01.00022', '028/BAST/IJE-VIBERLINK/I/2024', '2024-03-02', 3500000, 385000, 3885000, 70000, 3815000, 'UNPAID', 0, NULL, 0, 0, '2024-09-19 08:07:34', '2024-09-19 08:07:34'),
(168, NULL, 'SI.2024.03.00160-IJE', NULL, 'SI.2024.03.00160', 'SO.2024.01.00020', '025/BAST/IJE-VIBERLINK/I/2024', '2024-03-02', 3500000, 385000, 3885000, 70000, 3815000, 'UNPAID', 0, NULL, 0, 0, '2024-09-19 08:07:34', '2024-09-19 08:07:34'),
(169, NULL, 'SI.2024.03.00159-IJE', NULL, 'SI.2024.03.00159', 'SO.2024.01.00021', '020/BAST/IJE-VIBERLINK/I/2024', '2024-03-02', 10500000, 1155000, 11655000, 210000, 11445000, 'UNPAID', 0, NULL, 0, 0, '2024-09-19 08:07:34', '2024-09-19 08:07:34'),
(170, NULL, 'SI.2024.03.00168-IJE', NULL, 'SI.2024.03.00168', 'SO.2024.01.00023', '019/BAST/IJE-VIBERLINK/I/2024', '2024-03-02', 5250000, 577500, 5827500, 105000, 5722500, 'UNPAID', 0, NULL, 0, 0, '2024-09-19 08:07:34', '2024-09-19 08:07:34'),
(171, NULL, 'SI.2024.03.00174-IJE', NULL, 'SI.2024.03.00174', 'SO.2024.01.00025', '018/BAST/IJE-VIBERLINK/I/2024', '2024-03-02', 3500000, 385000, 3885000, 70000, 3815000, 'UNPAID', 0, NULL, 0, 0, '2024-09-19 08:07:34', '2024-09-19 08:07:34'),
(172, NULL, 'SI.2024.03.00175-IJEE', NULL, 'SI.2024.03.00175E', 'SO.2024.01.00030', '012/BAST/IJE-VIBERLINK/I/2024', '2024-03-02', 7000000, 770000, 7770000, 140000, 7630000, 'UNPAID', 0, NULL, 0, 0, '2024-09-19 08:07:34', '2024-09-19 08:07:34'),
(173, NULL, 'SI.2024.03.00176-IJE', NULL, 'SI.2024.03.00176', 'SO.2024.01.00032', '013/BAST/IJE-VIBERLINK/I/2024', '2024-03-02', 5250000, 577500, 5827500, 105000, 5722500, 'UNPAID', 0, NULL, 0, 0, '2024-09-19 08:07:34', '2024-09-19 08:07:34'),
(174, NULL, 'SI.2024.03.00177-IJE', NULL, 'SI.2024.03.00177', 'SO.2024.01.00034', '015/BAST/IJE-VIBERLINK/I/2024', '2024-03-02', 8750000, 962500, 9712500, 175000, 9537500, 'UNPAID', 0, NULL, 0, 0, '2024-09-19 08:07:34', '2024-09-19 08:07:34'),
(175, NULL, 'SI.2024.03.00178-IJE', NULL, 'SI.2024.03.00178', 'SO.2024.01.00035', '016/BAST/IJE-VIBERLINK/I/2024', '2024-03-02', 7000000, 770000, 7770000, 140000, 7630000, 'UNPAID', 0, NULL, 0, 0, '2024-09-19 08:07:34', '2024-09-19 08:07:34'),
(176, NULL, 'SI.2024.03.00169-IJE', NULL, 'SI.2024.03.00169', 'SO.2024.01.00036', '017/BAST/IJE-VIBERLINK/I/2024', '2024-03-02', 17500000, 1925000, 19425000, 350000, 19075000, 'UNPAID', 0, NULL, 0, 0, '2024-09-19 08:07:34', '2024-09-19 08:07:34'),
(177, NULL, 'SI.2024.03.00170-IJE', NULL, 'SI.2024.03.00170', 'SO.2024.01.00019', '021/BAST/IJE-VIBERLINK/I/2024', '2024-03-02', 5250000, 577500, 5827500, 105000, 5722500, 'UNPAID', 0, NULL, 0, 0, '2024-09-19 08:07:34', '2024-09-19 08:07:34'),
(178, NULL, 'SI.2024.03.00171-IJE', NULL, 'SI.2024.03.00171', 'SO.2024.01.00029', '011/BAST/IJE-VIBERLINK/I/2024', '2024-03-02', 1750000, 192500, 1942500, 35000, 1907500, 'UNPAID', 0, NULL, 0, 0, '2024-09-19 08:07:34', '2024-09-19 08:07:34'),
(179, NULL, 'SI.2024.03.00173-IJE', NULL, 'SI.2024.03.00173', 'SO.2024.01.00027', '010/BAST/IJE-VIBERLINK/I/2024', '2024-03-02', 15750000, 1732500, 17482500, 315000, 17167500, 'UNPAID', 0, NULL, 0, 0, '2024-09-19 08:07:34', '2024-09-19 08:07:34'),
(180, NULL, 'SI.2024.03.00172-IJE', NULL, 'SI.2024.03.00172', 'SO.2024.01.00037', '009/BAST/IJE-VIBERLINK/I/2024', '2024-03-02', 12250000, 1347500, 13597500, 245000, 13352500, 'UNPAID', 0, NULL, 0, 0, '2024-09-19 08:07:34', '2024-09-19 08:07:34'),
(181, NULL, 'SI.2024.03.00188-IJE', NULL, 'SI.2024.03.00188', 'SO.2024.01.00033', '014/BAST/IJE-VIBERLINK/I/2024', '2024-03-02', 17750000, 1952500, 19702500, 355000, 19347500, 'UNPAID', 0, NULL, 0, 0, '2024-09-19 08:07:34', '2024-09-19 08:07:34'),
(182, NULL, 'SI.2024.03.00187-IJE', NULL, 'SI.2024.03.00187', 'SO.2024.01.00044', '029/BAST/IJE-VIBERLINK/I/2024', '2024-03-02', 33000000, 3630000, 36630000, 660000, 35970000, 'PAID', 35970000, '2024-06-11', 0, 0, '2024-09-19 08:07:34', '2024-09-19 08:07:34'),
(183, NULL, 'SI.2024.03.00186-IJE', NULL, 'SI.2024.03.00186', 'SO.2023.07.00011', '077/BAST/IJE-SANDYANET/I/2023', '2024-03-02', 26250000, 2887500, 29137500, 525000, 28612500, 'PAID', 28612500, '2024-03-14', 0, 0, '2024-09-19 08:07:34', '2024-09-19 08:07:34'),
(184, NULL, 'SI.2024.03.00185-IJE', NULL, 'SI.2024.03.00185', 'SO.2023.11.00030', '244/BAST/IJE-SIAP/XII/2023', '2024-03-02', 10500000, 1155000, 11655000, 210000, 11445000, 'UNPAID', 0, NULL, 0, 0, '2024-09-19 08:07:34', '2024-09-19 08:07:34'),
(185, NULL, 'SI.2024.03.00184-IJE', NULL, 'SI.2024.03.00184', 'SO.2024.02.00012', '051/BAST/IJE-SIAP/II/2024', '2024-03-02', 7000000, 770000, 7770000, 140000, 7630000, 'UNPAID', 0, NULL, 0, 0, '2024-09-19 08:07:34', '2024-09-19 08:07:34'),
(186, NULL, 'SI.2024.03.00183-IJE', NULL, 'SI.2024.03.00183', 'SO.2023.06.00046', '161/BAST/IJE-SINERGY/VII/2023', '2024-03-02', 3500000, 385000, 3885000, 70000, 3815000, 'UNPAID', 0, NULL, 0, 0, '2024-09-19 08:07:34', '2024-09-19 08:07:34'),
(187, NULL, 'SI.2024.03.00182-IJE', NULL, 'SI.2024.03.00182', 'SO.2023.06.00049', '154/BAST/IJE-SINERGY/VI/2023', '2024-03-02', 3500000, 385000, 3885000, 70000, 3815000, 'PAID', 3815000, '2024-04-18', 0, 0, '2024-09-19 08:07:34', '2024-09-19 08:07:34'),
(188, NULL, 'SI.2024.03.00181-IJE', NULL, 'SI.2024.03.00181', 'SO.2023.06.00047', '177/BAST/IJE-SINERGY/VIII/2023', '2024-03-02', 3500000, 385000, 3885000, 70000, 3815000, 'PAID', 3815000, '2024-04-02', 0, 0, '2024-09-19 08:07:34', '2024-09-19 08:07:34'),
(189, NULL, 'SI.2024.03.00180-IJE', NULL, 'SI.2024.03.00180', 'SO.2023.04.00142', '131/BAST/IJE-SIAPQQSTU/V/2023', '2024-03-02', 17500000, 1925000, 19425000, 350000, 19075000, 'UNPAID', 0, NULL, 0, 0, '2024-09-19 08:07:34', '2024-09-19 08:07:34'),
(190, NULL, 'SI.2024.03.00179-IJE', NULL, 'SI.2024.03.00179', 'SO.2024.03.00003', '014/BAST/IJE-SINERGY/IV/2023', '2024-03-02', 3500000, 385000, 3885000, 70000, 3815000, 'UNPAID', 0, NULL, 0, 0, '2024-09-19 08:07:34', '2024-09-19 08:07:34'),
(191, NULL, 'SI.2024.03.00190-IJE', NULL, 'SI.2024.03.00190', 'SO.2023.07.00007', '178/BAST/IJE-SINERGY/VIII/2023', '2024-03-02', 3500000, 385000, 3885000, 70000, 3815000, 'PAID', 3815000, '2024-04-02', 0, 0, '2024-09-19 08:07:34', '2024-09-19 08:07:34'),
(192, NULL, 'SI.2024.03.00189-IJE', NULL, 'SI.2024.03.00189', 'SO.2023.05.00008', '279/BAST/IJE-SIAP/XII/2023', '2024-03-02', 7000000, 770000, 7770000, 140000, 7630000, 'UNPAID', 0, NULL, 0, 0, '2024-09-19 08:07:34', '2024-09-19 08:07:34'),
(193, NULL, 'SI.2024.03.00191-IJE', NULL, 'SI.2024.03.00191', 'SO.2024.02.00020', 'BAA', '2024-03-02', 7000000, 770000, 7770000, 140000, 7630000, 'PAID', 7630000, '2024-04-18', 0, 0, '2024-09-19 08:07:34', '2024-09-19 08:07:34'),
(194, NULL, 'SI.2024.03.00192-IJE', NULL, 'SI.2024.03.00192', 'SO.2023.05.00003', '200/BAST/IJE-SINERGY/IX/2023', '2024-03-02', 3500000, 385000, 3885000, 70000, 3815000, 'UNPAID', 0, NULL, 0, 0, '2024-09-19 08:07:34', '2024-09-19 08:07:34'),
(195, NULL, 'SI.2024.03.00193-IJE', NULL, 'SI.2024.03.00193', 'SO.2023.11.00012', '226/BAST/IJE-SIAP/XI/2023', '2024-03-02', 3500000, 385000, 3885000, 70000, 3815000, 'PAID', 3815000, '2024-04-18', 0, 0, '2024-09-19 08:07:34', '2024-09-19 08:07:34'),
(196, NULL, 'SI.2024.03.00194-IJE', NULL, 'SI.2024.03.00194', 'SO.2024.02.00010', '052/BAST/IJE-SIAP/II/2024', '2024-03-02', 7000000, 770000, 7770000, 140000, 7630000, 'UNPAID', 0, NULL, 0, 0, '2024-09-19 08:07:34', '2024-09-19 08:07:34'),
(197, NULL, 'SI.2024.03.00195-IJE', NULL, 'SI.2024.03.00195', 'SO.2023.09.00023', '240/BAST/IJE-SIAP/XI/2023', '2024-03-02', 17500000, 1925000, 19425000, 350000, 19075000, 'UNPAID', 0, NULL, 0, 0, '2024-09-19 08:07:34', '2024-09-19 08:07:34');
INSERT INTO `invoices` (`id`, `status_1`, `nomor_invoice`, `status_2`, `inv_no`, `so_no`, `mo_bast`, `inv_date`, `inv_amount_dpp`, `ppn_11`, `total_inv`, `pph_2`, `receive`, `paid_unpaid`, `total_payment`, `payment_date`, `total_lebih_bayar`, `total_kurang_bayar`, `created_at`, `updated_at`) VALUES
(198, NULL, 'SI.2024.03.00196-IJE', NULL, 'SI.2024.03.00196', 'SO.2023.09.00022', '232/BAST/IJE-SIAP/XI/2023', '2024-03-02', 3500000, 385000, 3885000, 70000, 3815000, 'PAID', 3815000, '2024-04-18', 0, 0, '2024-09-19 08:07:34', '2024-09-19 08:07:34'),
(199, NULL, 'SI.2024.03.00197-IJE', NULL, 'SI.2024.03.00197', 'SO.2023.08.00027', '243/BAST/IJE-SIAP/XII/2023', '2024-03-02', 3500000, 385000, 3885000, 70000, 3815000, 'UNPAID', 0, NULL, 0, 0, '2024-09-19 08:07:34', '2024-09-19 08:07:34'),
(200, NULL, 'SI.2024.03.00198-IJE', NULL, 'SI.2024.03.00198', 'SO.2023.11.00018', '225/BAST/IJE-SIAP/XI/2023', '2024-03-02', 1000000, 110000, 1110000, 20000, 1090000, 'PAID', 1090000, '2024-04-18', 0, 0, '2024-09-19 08:07:34', '2024-09-19 08:07:34'),
(201, NULL, 'SI.2024.03.00208-IJE', NULL, 'SI.2024.03.00208', 'SO.2023.10.00022', '218/BAST/IJE-SIAP/XI/2023', '2024-03-02', 10500000, 1155000, 11655000, 210000, 11445000, 'PAID', 11445000, '2024-04-18', 0, 0, '2024-09-19 08:07:34', '2024-09-19 08:07:34'),
(202, NULL, 'SI.2024.03.00199-IJE', NULL, 'SI.2024.03.00199', 'SO.2023.04.00026', '001/BAST/IJE-SINERGY/II/2023', '2024-03-02', 7000000, 770000, 7770000, 140000, 7630000, 'PAID', 7630000, '2024-04-18', 0, 0, '2024-09-19 08:07:34', '2024-09-19 08:07:34'),
(203, NULL, 'SI.2024.03.00200-IJE', NULL, 'SI.2024.03.00200', 'SO.2023.04.00025', '011/BAST/IJE-SINERGY/III/2023-UPGRADE', '2024-03-02', 17500000, 1925000, 19425000, 350000, 19075000, 'UNPAID', 0, NULL, 0, 0, '2024-09-19 08:07:34', '2024-09-19 08:07:34'),
(204, NULL, 'SI.2024.03.00201-IJE', NULL, 'SI.2024.03.00201', 'SO.2023.11.00031', 'BAA', '2024-03-02', 21000000, 2310000, 23310000, 420000, 22890000, 'PAID', 22890000, '2024-04-18', 0, 0, '2024-09-19 08:07:34', '2024-09-19 08:07:34'),
(205, NULL, 'SI.2024.03.00202-IJE', NULL, 'SI.2024.03.00202', 'SO.2023.04.00141', '143/BAST/IJE-SINERGY/VI/2023', '2024-03-02', 3500000, 385000, 3885000, 70000, 3815000, 'UNPAID', 0, NULL, 0, 0, '2024-09-19 08:07:34', '2024-09-19 08:07:34'),
(206, NULL, 'SI.2024.03.00203-IJE', NULL, 'SI.2024.03.00203', 'SO.2023.04.00029', '008/BAST/IJE-SINERGY/II/2023', '2024-03-02', 3500000, 385000, 3885000, 70000, 3815000, 'PAID', 3815000, '2024-04-18', 0, 0, '2024-09-19 08:07:34', '2024-09-19 08:07:34'),
(207, NULL, 'SI.2024.03.00204-IJE', NULL, 'SI.2024.03.00204', 'SO.2023.04.00030', '013/BAST/IJE-SINERGY/III/2023', '2024-03-02', 3500000, 385000, 3885000, 70000, 3815000, 'PAID', 3815000, '2024-04-18', 0, 0, '2024-09-19 08:07:34', '2024-09-19 08:07:34'),
(208, NULL, 'SI.2024.03.00205-IJE', NULL, 'SI.2024.03.00205', 'SO.2023.11.00021', '219/BAST/IJE-SIAP/XI/2023', '2024-03-02', 7000000, 770000, 7770000, 140000, 7630000, 'PAID', 7630000, '2024-04-18', 0, 0, '2024-09-19 08:07:34', '2024-09-19 08:07:34'),
(209, NULL, 'SI.2024.03.00206-IJE', NULL, 'SI.2024.03.00206', 'SO.2023.11.00027', '282/BAST/IJE-SIAP/XII/2023', '2024-03-02', 10467823, 1151461, 11619284, 209356, 11409927, 'PAID', 11409927, '2024-04-18', 0, 0, '2024-09-19 08:07:34', '2024-09-19 08:07:34'),
(210, NULL, 'SI.2024.03.00207-IJE', NULL, 'SI.2024.03.00207', 'SO.2024.03.00004', '131/BAST/IJE-SIAPQQITT/V/2023', '2024-03-02', 3500000, 385000, 3885000, 70000, 3815000, 'UNPAID', 0, NULL, 0, 0, '2024-09-19 08:07:34', '2024-09-19 08:07:34'),
(211, NULL, 'SI.2024.03.00212-IJE', NULL, 'SI.2024.03.00212', 'SO.2024.02.00002', '010/BAST/IJE-SINERGY/II/2023', '2024-03-02', 3500000, 385000, 3885000, 70000, 3815000, 'PAID', 3815000, '2024-03-21', 0, 0, '2024-09-19 08:07:34', '2024-09-19 08:07:34'),
(212, NULL, 'SI.2024.03.00214-IJE', NULL, 'SI.2024.03.00214', 'SO.2023.06.00048', '160/BAST/IJE-SINERGY/VII/2023', '2024-03-02', 3500000, 385000, 3885000, 70000, 3815000, 'PAID', 3815000, '2024-04-02', 0, 0, '2024-09-19 08:07:34', '2024-09-19 08:07:34'),
(213, NULL, 'SI.2024.03.00213-IJE', NULL, 'SI.2024.03.00213', 'SO.2024.01.00042', '048/BAST/IJE-SIAP/II/2024', '2024-03-02', 7000000, 770000, 7770000, 140000, 7630000, 'UNPAID', 0, NULL, 0, 0, '2024-09-19 08:07:34', '2024-09-19 08:07:34'),
(214, NULL, 'SI.2024.03.00211-IJE', NULL, 'SI.2024.03.00211', 'SO.2024.03.00005', '062/BAST/IJE-ASNET/III/2024', '2024-03-02', 11250000, 1237500, 12487500, 225000, 12262500, 'PAID', 12487500, '2024-04-06', 225000, 0, '2024-09-19 08:07:34', '2024-09-19 08:07:34'),
(215, NULL, 'SI.2024.03.00219-IJE', NULL, 'SI.2024.03.00219', 'SO.2024.02.00011', '053/BAST/IJE-NETLAND/II/2024', '2024-03-14', 9000000, 990000, 9990000, 180000, 9810000, 'PAID', 9990000, '2024-03-26', 180000, 0, '2024-09-19 08:07:34', '2024-09-19 08:07:34'),
(216, NULL, 'SI.2024.03.00218-IJE', NULL, 'SI.2024.03.00218', 'SO.2024.03.00007', 'BAA', '2024-03-14', 12600000, 1386000, 13986000, 252000, 13734000, 'PAID', 13734000, '2024-04-23', 0, 0, '2024-09-19 08:07:34', '2024-09-19 08:07:34'),
(217, NULL, 'SI.2024.03.00215-IJE', NULL, 'SI.2024.03.00215', 'SO.2023.03.00074', '057/BAST/IJE-SSI/III/2024', '2024-03-14', 9239384, 1016332, 10255716, 184788, 10070929, 'PAID', 10070929, '2024-03-28', 0, 0, '2024-09-19 08:07:34', '2024-09-19 08:07:34'),
(218, NULL, 'SI.2024.03.00216-IJE', NULL, 'SI.2024.03.00216', 'SO.2023.03.00075', '057/BAST/IJE-SSI/III/2024', '2024-03-14', 6432580, 707584, 7140164, 128652, 7011512, 'PAID', 7011512, '2024-03-28', 0, 0, '2024-09-19 08:07:34', '2024-09-19 08:07:34'),
(219, NULL, 'SI.2024.03.00217-IJE', NULL, 'SI.2024.03.00217', 'SO.2023.03.00076', '057/BAST/IJE-SSI/III/2024', '2024-03-14', 2397164, 263688, 2660852, 47943, 2612909, 'PAID', 2612909, '2024-03-28', 0, 0, '2024-09-19 08:07:34', '2024-09-19 08:07:34'),
(220, NULL, 'SI.2024.03.00220-IJE', NULL, 'SI.2024.03.00220', 'SO.2024.03.00008', '063/BAST/IJE-MYREP/III/2024', '2024-03-15', 8000000, 880000, 8880000, 160000, 8720000, 'PAID', 8720000, '2024-04-27', 0, 0, '2024-09-19 08:07:34', '2024-09-19 08:07:34'),
(221, NULL, 'SI.2024.03.00221-IJE', NULL, 'SI.2024.03.00221', 'SO.2022.07.00034', '049/BAST/IJE-PGAS/X/2022', '2024-03-15', 4000000, 440000, 4440000, 80000, 4360000, 'PAID', 4360000, '2024-03-22', 0, 0, '2024-09-19 08:07:34', '2024-09-19 08:07:34'),
(222, NULL, 'SI.2024.03.00222-IJE', NULL, 'SI.2024.03.00222', 'SO.2022.07.00034', '049/BAST/IJE-PGAS/X/2022', '2024-03-15', 4000000, 440000, 4440000, 80000, 4360000, 'PAID', 4360000, '2024-03-23', 0, 0, '2024-09-19 08:07:34', '2024-09-19 08:07:34'),
(223, NULL, 'SI.2024.03.00223-IJE', NULL, 'SI.2024.03.00223', 'SO.2024.03.00009', '049/BAST/IJE-PGAS/X/2022', '2024-03-15', 4000000, 440000, 4440000, 80000, 4360000, 'PAID', 4360000, '2024-03-23', 0, 0, '2024-09-19 08:07:34', '2024-09-19 08:07:34'),
(224, NULL, 'SI.2024.03.00224-IJE', NULL, 'SI.2024.03.00224', 'SO.2024.03.00009', '049/BAST/IJE-PGAS/X/2022', '2024-03-15', 4000000, 440000, 4440000, 80000, 4360000, 'PAID', 4360000, '2024-03-23', 0, 0, '2024-09-19 08:07:34', '2024-09-19 08:07:34'),
(225, NULL, 'SI.2024.03.00225-IJE', NULL, 'SI.2024.03.00225', 'SO.2024.03.00009', '049/BAST/IJE-PGAS/X/2022', '2024-03-15', 4000000, 440000, 4440000, 80000, 4360000, 'PAID', 4360000, '2024-03-29', 0, 0, '2024-09-19 08:07:34', '2024-09-19 08:07:34'),
(226, NULL, 'SI.2024.03.00226-IJE', NULL, 'SI.2024.03.00226', 'SO.2024.03.00009', '049/BAST/IJE-PGAS/X/2022', '2024-03-15', 4000000, 440000, 4440000, 80000, 4360000, 'PAID', 4360000, '2024-03-29', 0, 0, '2024-09-19 08:07:34', '2024-09-19 08:07:34'),
(227, NULL, 'SI.2024.03.00227-IJE', NULL, 'SI.2024.03.00227', 'SO.2024.03.00009', '049/BAST/IJE-PGAS/X/2022', '2024-03-15', 4000000, 440000, 4440000, 80000, 4360000, 'PAID', 4360000, '2024-03-29', 0, 0, '2024-09-19 08:07:34', '2024-09-19 08:07:34'),
(228, NULL, 'SI.2024.03.00228-IJE', NULL, 'SI.2024.03.00228', 'SO.2024.03.00009', '049/BAST/IJE-PGAS/X/2022', '2024-03-15', 3869462, 425641, 4295103, 77389, 4217714, 'PAID', 4217713, '2024-03-29', 0, 1, '2024-09-19 08:07:34', '2024-09-19 08:07:34'),
(229, NULL, 'SI.2024.03.00229-IJE', NULL, 'SI.2024.03.00229', 'SO.2024.03.00009', '049/BAST/IJE-PGAS/X/2022', '2024-03-15', 4000000, 440000, 4440000, 80000, 4360000, 'PAID', 4360000, '2024-03-23', 0, 0, '2024-09-19 08:07:34', '2024-09-19 08:07:34'),
(230, NULL, 'SI.2024.03.00233-IJE', NULL, 'SI.2024.03.00233', 'SO.2023.05.00059', '050/BAST/IJE-NTT/II/2024', '2024-03-19', 152000000, 16720000, 168720000, 3040000, 165680000, 'PAID', 165680000, '2024-06-14', 0, 0, '2024-09-19 08:07:34', '2024-09-19 08:07:34'),
(231, NULL, 'SI.2024.03.00230-IJE', NULL, 'SI.2024.03.00230', 'SO.2024.02.00017', '055/BAST/IJE-NTT/III/2024', '2024-03-19', 22500000, 2475000, 24975000, 450000, 24525000, 'PAID', 24525000, '2024-05-16', 0, 0, '2024-09-19 08:07:34', '2024-09-19 08:07:34'),
(232, NULL, 'SI.2024.03.00231-IJE', NULL, 'SI.2024.03.00231', 'SO.2024.02.00015', '054/BAST/IJE-NTT/III/2024', '2024-03-19', 45000000, 4950000, 49950000, 900000, 49050000, 'PAID', 49050000, '2024-05-16', 0, 0, '2024-09-19 08:07:34', '2024-09-19 08:07:34'),
(233, NULL, 'SI.2024.03.00232-IJE', NULL, 'SI.2024.03.00232', 'SO.2024.02.00014', '056/BAST/IJE-NTT/III/2024', '2024-03-19', 65000000, 7150000, 72150000, 1300000, 70850000, 'PAID', 70850000, '2024-05-16', 0, 0, '2024-09-19 08:07:34', '2024-09-19 08:07:34'),
(234, NULL, 'SI.2024.03.00236-IJE', NULL, 'SI.2024.03.00236', 'SO.2024.03.00012', '069/BAST/IJE-THC/III/2024', '2024-03-19', 4666667, 513333, 5180000, 93333, 5086667, 'PAID', 5086667, '2024-06-01', 0, 0, '2024-09-19 08:07:34', '2024-09-19 08:07:34'),
(235, NULL, 'SI.2024.03.00235-IJE', NULL, 'SI.2024.03.00235', 'SO.2024.03.00014', '049/BAST/IJE-PGAS/X/2022', '2024-03-20', 3931290, 432442, 4363732, 78626, 4285106, 'PAID', 4285107, '2024-05-15', 1, 0, '2024-09-19 08:07:34', '2024-09-19 08:07:34'),
(236, NULL, 'SI.2024.03.00237-IJE', NULL, 'SI.2024.03.00237', 'SO.2024.03.00014', '049/BAST/IJE-PGAS/X/2022', '2024-03-20', 3996165, 439578, 4435743, 79923, 4355820, 'PAID', 4355820, '2024-06-04', 0, 0, '2024-09-19 08:07:34', '2024-09-19 08:07:34'),
(237, NULL, 'SI.2024.03.00238-IJE', NULL, 'SI.2024.03.00238', 'SO.2024.03.00014', '049/BAST/IJE-PGAS/X/2022', '2024-03-20', 4000000, 440000, 4440000, 80000, 4360000, 'PAID', 4360000, '2024-03-29', 0, 0, '2024-09-19 08:07:34', '2024-09-19 08:07:34'),
(238, NULL, 'SI.2024.03.00240-IJE', NULL, 'SI.2024.03.00240', 'SO.2024.03.00013', '072/BAST/IJE-MYREP/III/2024', '2024-03-26', 466667, 51333, 518000, 9333, 508667, 'PAID', 508667, '2024-04-27', 0, 0, '2024-09-19 08:07:34', '2024-09-19 08:07:34'),
(239, NULL, 'SI.2024.03.00241-IJE', NULL, 'SI.2024.03.00241', 'SO.2024.02.00023', '073/BAST/IJE-PFI/III/2024', '2024-03-26', 4666667, 513333, 5180000, 93333, 5086667, 'PAID', 5086667, '2024-04-23', 0, 0, '2024-09-19 08:07:34', '2024-09-19 08:07:34'),
(240, NULL, 'SI.2024.01.00001-IJE', NULL, 'SI.2024.01.00001', 'SO.2022.12.00034', '191/BAST/IJE-AWINET/VIII/2023', '2024-01-02', 1000000, 110000, 1110000, 20000, 1090000, 'PAID', 1090000, '2024-02-24', 0, 0, '2024-09-19 08:07:34', '2024-09-19 08:07:34'),
(241, NULL, 'SI.2024.01.00002-IJE', NULL, 'SI.2024.01.00002', 'SO.2023.03.00003', '112/BAST/IJE-GSE/III/2023', '2024-01-02', 5000000, 550000, 5550000, 100000, 5450000, 'PAID', 5450000, '2024-01-19', 0, 0, '2024-09-19 08:07:34', '2024-09-19 08:07:34'),
(242, NULL, 'SI.2024.01.00003-IJE', NULL, 'SI.2024.01.00003', 'SO.2023.04.00143', '123/BAST/IJE-GSE/IV/2023-DOWNGRADE', '2024-01-02', 5000000, 550000, 5550000, 100000, 5450000, 'PAID', 5450000, '2024-01-19', 0, 0, '2024-09-19 08:07:34', '2024-09-19 08:07:34'),
(243, NULL, 'SI.2024.01.00004-IJE', NULL, 'SI.2024.01.00004', 'SO.2023.10.00029', '210/BAST/IJE-GSE/X/2023', '2024-01-02', 10000000, 1100000, 11100000, 200000, 10900000, 'PAID', 10900000, '2024-01-19', 0, 0, '2024-09-19 08:07:34', '2024-09-19 08:07:34'),
(244, NULL, 'SI.2024.01.00005-IJE', NULL, 'SI.2024.01.00005', 'SO.2023.04.00038', '193/BAST/IJE-MITRATEL/VIII/2023', '2024-01-02', 750000, 82500, 832500, 15000, 817500, 'PAID', 817500, '2024-06-05', 0, 0, '2024-09-19 08:07:34', '2024-09-19 08:07:34'),
(245, NULL, 'SI.2024.01.00006-IJE', NULL, 'SI.2024.01.00006', 'SO.2023.05.00064', '193/BAST/IJE-MITRATEL/VIII/2023', '2024-01-02', 750000, 82500, 832500, 15000, 817500, 'PAID', 817500, '2024-06-05', 0, 0, '2024-09-19 08:07:34', '2024-09-19 08:07:34'),
(246, NULL, 'SI.2024.01.00007-IJE', NULL, 'SI.2024.01.00007', 'SO.2023.10.00002', '204/BAST/IJE-CYBERPLUS/X/2023', '2024-01-02', 5000000, 550000, 5550000, 100000, 5450000, 'PAID', 5450000, '2024-01-12', 0, 0, '2024-09-19 08:07:34', '2024-09-19 08:07:34'),
(247, NULL, 'SI.2024.01.00008-IJE', NULL, 'SI.2024.01.00008', 'SO.2023.08.00011', '189/BAST/IJE-CYBERPLUS/VIII/2023', '2024-01-02', 10000000, 1100000, 11100000, 200000, 10900000, 'PAID', 10900000, '2024-01-12', 0, 0, '2024-09-19 08:07:34', '2024-09-19 08:07:34'),
(248, NULL, 'SI.2024.01.00009-IJE', NULL, 'SI.2024.01.00009', 'SO.2023.08.00021', '005/BAST/IJE-CIFO/IV/2022', '2024-01-02', 50000000, 5500000, 55500000, 1000000, 54500000, 'PAID', 54500000, '2024-01-23', 0, 0, '2024-09-19 08:07:34', '2024-09-19 08:07:34'),
(249, NULL, 'SI.2024.01.00010-IJE', NULL, 'SI.2024.01.00010', 'SO.2023.02.00008', '118/BAST/IJE-CBR/IV/2023', '2024-01-02', 33000000, 3630000, 36630000, 660000, 35970000, 'PAID', 36630000, '2024-02-28', 660000, 0, '2024-09-19 08:07:34', '2024-09-19 08:07:34'),
(250, NULL, 'SI.2024.01.00011-IJE', NULL, 'SI.2024.01.00011', 'SO.2023.08.00012', '183/BAST/IJE-PHATRIA/VIII/2023', '2024-01-02', 10000000, 1100000, 11100000, 200000, 10900000, 'PAID', 11100000, '2024-05-01', 200000, 0, '2024-09-19 08:07:34', '2024-09-19 08:07:34'),
(251, NULL, 'SI.2024.01.00012-IJE', NULL, 'SI.2024.01.00012', 'SO.2023.07.00019', '176/BAST/IJE-PHATRIA/VII/2023-UPGRADE', '2024-01-02', 10000000, 1100000, 11100000, 200000, 10900000, 'PAID', 11100000, '2024-03-05', 200000, 0, '2024-09-19 08:07:34', '2024-09-19 08:07:34'),
(252, NULL, 'SI.2024.01.00013-IJE', NULL, 'SI.2024.01.00013', 'SO.2023.06.00033', '141/BAST/IJE-PHATRIA/VI/2023-UPGRADE', '2024-01-02', 10000000, 1100000, 11100000, 200000, 10900000, 'PAID', 11100000, '2024-05-01', 200000, 0, '2024-09-19 08:07:34', '2024-09-19 08:07:34'),
(253, NULL, 'SI.2024.01.00014-IJE', NULL, 'SI.2024.01.00014', 'SO.2023.11.00025', '063/BAST/IJE-PHATRIA/XI/2022', '2024-01-02', 5000000, 550000, 5550000, 100000, 5450000, 'PAID', 5550000, '2024-03-05', 100000, 0, '2024-09-19 08:07:34', '2024-09-19 08:07:34'),
(254, NULL, 'SI.2024.01.00015-IJE', NULL, 'SI.2024.01.00015', 'SO.2023.11.00006', '057/BAST/IJE-PHATRIA/X/2022', '2024-01-02', 5000000, 550000, 5550000, 100000, 5450000, 'PAID', 5550000, '2024-03-05', 100000, 0, '2024-09-19 08:07:34', '2024-09-19 08:07:34'),
(255, NULL, 'SI.2024.01.00016-IJE', NULL, 'SI.2024.01.00016', 'SO.2023.11.00013', '241/BAST/IJE-PIP/XII/2023', '2024-01-02', 10000000, 1100000, 11100000, 200000, 10900000, 'PAID', 11100000, '2024-05-01', 200000, 0, '2024-09-19 08:07:34', '2024-09-19 08:07:34'),
(256, NULL, 'SI.2024.01.00017-IJE', NULL, 'SI.2024.01.00017', 'SO.2023.08.00001', '201/BAST/IJE-CDN/IX/2023', '2024-01-02', 8000000, 880000, 8880000, 160000, 8720000, 'PAID', 8720000, '2024-01-24', 0, 0, '2024-09-19 08:07:34', '2024-09-19 08:07:34'),
(257, NULL, 'SI.2024.01.00018-IJE', NULL, 'SI.2024.01.00018', 'SO.2023.08.00003', '022/BAST/IJE/AMC/VI/2022', '2024-01-02', 8000000, 880000, 8880000, 160000, 8720000, 'PAID', 8720000, '2024-01-10', 0, 0, '2024-09-19 08:07:34', '2024-09-19 08:07:34'),
(258, NULL, 'SI.2024.01.00019-IJE', NULL, 'SI.2024.01.00019', 'SO.2023.08.00002', '024/BAST/IJE/LA/VII/2022', '2024-01-02', 58000000, 6380000, 64380000, 1160000, 63220000, 'PAID', 63220000, '2024-02-29', 0, 0, '2024-09-19 08:07:34', '2024-09-19 08:07:34'),
(259, NULL, 'SI.2024.01.00020-IJE', NULL, 'SI.2024.01.00020', 'SO.2022.12.00033', '190/BAST/IJE-AWINET/VIII/2023', '2024-01-02', 51000000, 5610000, 56610000, 1020000, 55590000, 'PAID', 55590000, '2024-02-24', 0, 0, '2024-09-19 08:07:34', '2024-09-19 08:07:34'),
(260, NULL, 'SI.2024.01.00021-IJE', NULL, 'SI.2024.01.00021', 'SO.2023.12.00014', '273/BAST/IJE-THC/XII/2023', '2024-01-02', 15000000, 1650000, 16650000, 300000, 16350000, 'PAID', 16350000, '2024-03-16', 0, 0, '2024-09-19 08:07:34', '2024-09-19 08:07:34'),
(261, NULL, 'SI.2024.01.00022-IJE', NULL, 'SI.2024.01.00022', 'SO.2023.07.00020', '175/BAST/IJE-THC/VII/2023-UPGRADE', '2024-01-02', 15000000, 1650000, 16650000, 300000, 16350000, 'PAID', 16350000, '2024-03-16', 0, 0, '2024-09-19 08:07:34', '2024-09-19 08:07:34'),
(262, NULL, 'SI.2024.01.00023-IJE', NULL, 'SI.2024.01.00023', 'SO.2023.10.00012', '235/BAST/IJE-THC/XI/2023', '2024-01-02', 3405000, 374550, 3779550, 68100, 3711450, 'PAID', 3711450, '2024-03-29', 0, 0, '2024-09-19 08:07:34', '2024-09-19 08:07:34'),
(263, NULL, 'SI.2024.01.00024-IJE', NULL, 'SI.2024.01.00024', 'SO.2023.10.00013', '236/BAST/IJE-THC/XI/2023', '2024-01-02', 9363000, 1029930, 10392930, 187260, 10205670, 'PAID', 10205670, '2024-03-29', 0, 0, '2024-09-19 08:07:34', '2024-09-19 08:07:34'),
(264, NULL, 'SI.2024.01.00025-IJE', NULL, 'SI.2024.01.00025', 'SO.2023.06.00032', '140/BAST/IJE-PHATRIA/VI/2023-UPGRADE', '2024-01-02', 10000000, 1100000, 11100000, 200000, 10900000, 'PAID', 11100000, '2024-05-01', 200000, 0, '2024-09-19 08:07:34', '2024-09-19 08:07:34'),
(265, NULL, 'SI.2024.01.00026-IJE', NULL, 'SI.2024.01.00026', 'SO.2023.05.00001', '124/BAST/IJE-PIP/IV/2023-UPGRADE', '2024-01-02', 10000000, 1100000, 11100000, 200000, 10900000, 'PAID', 11100000, '2024-05-01', 200000, 0, '2024-09-19 08:07:34', '2024-09-19 08:07:34'),
(266, NULL, 'SI.2024.01.00027-IJE', NULL, 'SI.2024.01.00027', 'SO.2023.03.00005', '117/BAST/IJE-PHATRIA/IV/2023', '2024-01-02', 5000000, 550000, 5550000, 100000, 5450000, 'PAID', 5550000, '2024-05-01', 100000, 0, '2024-09-19 08:07:34', '2024-09-19 08:07:34'),
(267, NULL, 'SI.2024.01.00028-IJE', NULL, 'SI.2024.01.00028', 'SO.2022.07.00014', '103/BAST/IJE-PHATRIA/III/2023', '2024-01-02', 5000000, 550000, 5550000, 100000, 5450000, 'PAID', 5550000, '2024-05-01', 100000, 0, '2024-09-19 08:07:34', '2024-09-19 08:07:34'),
(268, NULL, 'SI.2024.01.00029-IJE', NULL, 'SI.2024.01.00029', 'SO.2022.07.00097', '104/BAST/IJE-PHATRIA/III/2023', '2024-01-02', 5000000, 550000, 5550000, 100000, 5450000, 'PAID', 5550000, '2024-03-05', 100000, 0, '2024-09-19 08:07:34', '2024-09-19 08:07:34'),
(269, NULL, 'SI.2024.01.00030-IJE', NULL, 'SI.2024.01.00030', 'SO.2023.08.00006', '030/BAST/IJE/PHATRIA/VII/2022', '2024-01-02', 5000000, 550000, 5550000, 100000, 5450000, 'PAID', 5550000, '2024-05-01', 100000, 0, '2024-09-19 08:07:34', '2024-09-19 08:07:34'),
(270, NULL, 'SI.2024.01.00031-IJE', NULL, 'SI.2024.01.00031', 'SO.2023.10.00023', '211/BAST/IJE-MYREPUBLIC/X/2023', '2024-01-02', 1500000, 165000, 1665000, 30000, 1635000, 'PAID', 1635000, '2024-02-03', 0, 0, '2024-09-19 08:07:34', '2024-09-19 08:07:34'),
(271, NULL, 'SI.2024.01.00032-IJE', NULL, 'SI.2024.01.00032', 'SO.2023.08.00024', '199/BAST/IJE-MYREPUBLIC/IX/2023', '2024-01-02', 3500000, 385000, 3885000, 70000, 3815000, 'PAID', 3815000, '2024-01-27', 0, 0, '2024-09-19 08:07:34', '2024-09-19 08:07:34'),
(272, NULL, 'SI.2024.01.00033-IJE', NULL, 'SI.2024.01.00033', 'SO.2023.09.00004', '185/BAST/IJE-MYREPUBLIC/VIII/2023', '2024-01-02', 8000000, 880000, 8880000, 160000, 8720000, 'PAID', 8720000, '2024-01-27', 0, 0, '2024-09-19 08:07:34', '2024-09-19 08:07:34'),
(273, NULL, 'SI.2024.01.00034-IJE', NULL, 'SI.2024.01.00034', 'SO.2023.11.00023', '233/BAST/IJE-MYREP/XI/2023', '2024-01-02', 17000000, 1870000, 18870000, 340000, 18530000, 'PAID', 18530000, '2024-01-27', 0, 0, '2024-09-19 08:07:34', '2024-09-19 08:07:34'),
(274, NULL, 'SI.2024.01.00035-IJE', NULL, 'SI.2024.01.00035', 'SO.2023.08.00010', '181/BAST/IJE-MYREPUBLIC/VIII/2023-UPGRADE', '2024-01-02', 12750000, 1402500, 14152500, 255000, 13897500, 'PAID', 13897500, '2024-02-24', 0, 0, '2024-09-19 08:07:34', '2024-09-19 08:07:34'),
(275, NULL, 'SI.2024.01.00036-IJE', NULL, 'SI.2024.01.00036', 'SO.2023.12.00009', '247/BAST/IJE-MYREP/XII/2023', '2024-01-02', 12750000, 1402500, 14152500, 255000, 13897500, 'PAID', 13897500, '2024-01-27', 0, 0, '2024-09-19 08:07:34', '2024-09-19 08:07:34'),
(276, NULL, 'SI.2024.01.00037-IJE', NULL, 'SI.2024.01.00037', 'SO.2023.07.00009', '169/BAST/IJE-THC/VII/2023', '2024-01-02', 5000000, 550000, 5550000, 100000, 5450000, 'PAID', 5450000, '2024-03-16', 0, 0, '2024-09-19 08:07:34', '2024-09-19 08:07:34'),
(277, NULL, 'SI.2024.01.00038-IJE', NULL, 'SI.2024.01.00038', 'SO.2023.09.00003', '168/BAST/IJE-THC/VII/2023-UPGRADE', '2024-01-02', 10000000, 1100000, 11100000, 200000, 10900000, 'PAID', 10900000, '2024-03-16', 0, 0, '2024-09-19 08:07:34', '2024-09-19 08:07:34'),
(278, NULL, 'SI.2024.01.00039-IJE', NULL, 'SI.2024.01.00039', 'SO.2023.06.00053', '159/BAST/IJE-THC/VII/2023', '2024-01-02', 10541400, 1159554, 11700954, 210828, 11490126, 'PAID', 11490126, '2024-03-29', 0, 0, '2024-09-19 08:07:34', '2024-09-19 08:07:34'),
(279, NULL, 'SI.2024.01.00040-IJE', NULL, 'SI.2024.01.00040', 'SO.2023.03.00089', '134/BAST/IJE-THC/V/2023', '2024-01-02', 10800000, 1188000, 11988000, 216000, 11772000, 'PAID', 11772000, '2024-03-29', 0, 0, '2024-09-19 08:07:34', '2024-09-19 08:07:34'),
(280, NULL, 'SI.2024.01.00041-IJE', NULL, 'SI.2024.01.00041', 'SO.2023.12.00013', NULL, '2024-01-02', 200000000, 22000000, 222000000, 4000000, 218000000, 'PAID', 218000000, '2024-01-06', 0, 0, '2024-09-19 08:07:34', '2024-09-19 08:07:34'),
(281, NULL, 'SI.2024.01.00042-IJE', NULL, 'SI.2024.01.00042', 'SO.2023.02.00010', '126/BAST/IJE-EMR/IV/2023', '2024-01-02', 8000000, 880000, 8880000, 160000, 8720000, 'PAID', 8720000, '2024-01-27', 0, 0, '2024-09-19 08:07:34', '2024-09-19 08:07:34'),
(282, NULL, 'SI.2024.01.00043-IJE', NULL, 'SI.2024.01.00043', 'SO.2023.02.00009', '107/BAST/IJE-MYREPUBLIC/III/2023', '2024-01-02', 8000000, 880000, 8880000, 160000, 8720000, 'PAID', 8720000, '2024-01-27', 0, 0, '2024-09-19 08:07:34', '2024-09-19 08:07:34'),
(283, NULL, 'SI.2024.01.00044-IJE', NULL, 'SI.2024.01.00044', 'SO.2023.11.00022', '064/BAST/IJE-MYREP/XI/2022', '2024-01-02', 5000000, 550000, 5550000, 100000, 5450000, 'PAID', 5450000, '2024-01-27', 0, 0, '2024-09-19 08:07:34', '2024-09-19 08:07:34'),
(284, NULL, 'SI.2024.01.00045-IJE', NULL, 'SI.2024.01.00045', 'SO.2023.02.00012', '172/BAST/IJE-MYREPUBLIC/VII/2023', '2024-01-02', 8000000, 880000, 8880000, 160000, 8720000, 'PAID', 8720000, '2024-01-27', 0, 0, '2024-09-19 08:07:34', '2024-09-19 08:07:34'),
(285, NULL, 'SI.2024.01.00046-IJE', NULL, 'SI.2024.01.00046', 'SO.2023.02.00011', '171/BAST/IJE-MYREPUBLIC/VII/2023', '2024-01-02', 8000000, 880000, 8880000, 160000, 8720000, 'PAID', 8720000, '2024-01-27', 0, 0, '2024-09-19 08:07:34', '2024-09-19 08:07:34'),
(286, NULL, 'SI.2024.01.00047-IJE', NULL, 'SI.2024.01.00047', 'SO.2023.02.00013', '173/BAST/IJE-MYREPUBLIC/VII/2023', '2024-01-02', 8000000, 880000, 8880000, 160000, 8720000, 'PAID', 8720000, '2024-01-27', 0, 0, '2024-09-19 08:07:34', '2024-09-19 08:07:34'),
(287, NULL, 'SI.2024.01.00048-IJE', NULL, 'SI.2024.01.00048', 'SO.2023.10.00030', '209/BAST/IJE-MYREPUBLIC/X/2023C', '2024-01-02', 4250000, 467500, 4717500, 85000, 4632500, 'PAID', 4632500, '2024-01-27', 0, 0, '2024-09-19 08:07:34', '2024-09-19 08:07:34'),
(288, NULL, 'SI.2024.01.00049-IJE', NULL, 'SI.2024.01.00049', 'SO.2023.03.00002', '100/BAST/IJE-MYREP/III/2023', '2024-01-02', 4250000, 467500, 4717500, 85000, 4632500, 'PAID', 4632500, '2024-01-27', 0, 0, '2024-09-19 08:07:34', '2024-09-19 08:07:34'),
(289, NULL, 'SI.2024.01.00050-IJE', NULL, 'SI.2024.01.00050', 'SO.2023.12.00008', '246/BAST/IJE-MYREP/XII/2023', '2024-01-02', 12750000, 1402500, 14152500, 255000, 13897500, 'PAID', 13897500, '2024-01-27', 0, 0, '2024-09-19 08:07:34', '2024-09-19 08:07:34'),
(290, NULL, 'SI.2024.01.00051-IJE', NULL, 'SI.2024.01.00051', 'SO.2023.06.00030', '198/BAST/IJE-MYREPUBLIC/IX/2023', '2024-01-02', 416666667, 45833333, 462500000, 8333333, 454166667, 'PAID', 454166667, '2024-01-27', 0, 0, '2024-09-19 08:07:34', '2024-09-19 08:07:34'),
(291, NULL, 'SI.2024.01.00052-IJE', NULL, 'SI.2024.01.00052', 'SO.2024.01.00006', '097/BAST/IJE-INDONET/II/2023', '2024-01-02', 25000000, 2750000, 27750000, 500000, 27250000, 'PAID', 27250000, '2024-01-30', 0, 0, '2024-09-19 08:07:34', '2024-09-19 08:07:34'),
(292, NULL, 'SI.2024.01.00053-IJE', NULL, 'SI.2024.01.00053', 'SO.2023.01.00014', '080/BAST/IJE-JLA/I/2023', '2024-01-02', 5000000, 550000, 5550000, 100000, 5450000, 'PAID', 5550000, '2024-01-20', 100000, 0, '2024-09-19 08:07:34', '2024-09-19 08:07:34'),
(293, NULL, 'SI.2024.01.00054-IJE', NULL, 'SI.2024.01.00054', 'SO.2023.11.00001', '221/BAST/IJE-JIB/XI/2023', '2024-01-02', 322200, 35442, 357642, 6444, 351198, 'PAID', 357642, '2024-01-25', 6444, 0, '2024-09-19 08:07:34', '2024-09-19 08:07:34'),
(294, NULL, 'SI.2024.01.00055-IJE', NULL, 'SI.2024.01.00055', 'SO.2023.10.00017', '212/BAST/IJE-JIB/X/2023', '2024-01-02', 1800000, 198000, 1998000, 36000, 1962000, 'PAID', 1998000, '2024-01-25', 36000, 0, '2024-09-19 08:07:34', '2024-09-19 08:07:34'),
(295, NULL, 'SI.2024.01.00056-IJE', NULL, 'SI.2024.01.00056', 'SO.2024.01.00002', '069/BAST/IJE-JSA/I/2023', '2024-01-02', 15000000, 1650000, 16650000, 300000, 16350000, 'PAID', 16350000, '2024-01-13', 0, 0, '2024-09-19 08:07:34', '2024-09-19 08:07:34'),
(296, NULL, 'SI.2024.01.00057-IJE', NULL, 'SI.2024.01.00057', 'SO.2023.10.00026', '217/BAST/IJE-IDT/XI/2023', '2024-01-02', 25000000, 2750000, 27750000, 500000, 27250000, 'PAID', 27250000, '2024-01-19', 0, 0, '2024-09-19 08:07:34', '2024-09-19 08:07:34'),
(297, NULL, 'SI.2024.01.00058-IJE', NULL, 'SI.2024.01.00058', 'SO.2023.05.00061', '116/BAST/IJE-ITP/IV/2023', '2024-01-02', 8000000, 880000, 8880000, 160000, 8720000, 'PAID', 8880000, '2024-01-16', 160000, 0, '2024-09-19 08:07:34', '2024-09-19 08:07:34'),
(298, NULL, 'SI.2024.01.00059-IJE', NULL, 'SI.2024.01.00059', 'SO.2023.12.00015', '274/BAST/IJE-HANDAYANI/XII/2023', '2024-01-02', 35000000, 3850000, 38850000, 700000, 38150000, 'PAID', 38850000, '2024-02-18', 700000, 0, '2024-09-19 08:07:34', '2024-09-19 08:07:34'),
(299, NULL, 'SI.2024.01.00060-IJE', NULL, 'SI.2024.01.00060', 'SO.2023.06.00050', '194/BAST/IJE-JIB/IX/2023', '2024-01-02', 27000000, 2970000, 29970000, 540000, 29430000, 'PAID', 29970000, '2024-01-25', 540000, 0, '2024-09-19 08:07:34', '2024-09-19 08:07:34'),
(300, NULL, 'SI.2024.01.00061-IJE', NULL, 'SI.2024.01.00061', 'SO.2024.01.00001', '067/BAST/IJE-JLA/XII/2022', '2024-01-02', 10000000, 1100000, 11100000, 200000, 10900000, 'PAID', 11100000, '2024-01-20', 200000, 0, '2024-09-19 08:07:34', '2024-09-19 08:07:34'),
(301, NULL, 'SI.2024.01.00062-IJE', NULL, 'SI.2024.01.00062', 'SO.2023.11.00008', '083/BAST/IJE-POWERTEL/I/2023', '2024-01-02', 10000000, 1100000, 11100000, 200000, 10900000, 'UNPAID', 0, NULL, 0, 0, '2024-09-19 08:07:34', '2024-09-19 08:07:34'),
(302, NULL, 'SI.2024.01.00063-IJE', NULL, 'SI.2024.01.00063', 'SO.2023.10.00021', '105/BAST/IJE-POWERTEL/III/2023', '2024-01-02', 5000000, 550000, 5550000, 100000, 5450000, 'PAID', 5450000, '2024-02-29', 0, 0, '2024-09-19 08:07:34', '2024-09-19 08:07:34'),
(303, NULL, 'SI.2024.01.00064-IJE', NULL, 'SI.2024.01.00064', 'SO.2023.03.00140', '138/BAST/IJE-LAXO/VI/2023', '2024-01-02', 10656000, 1172160, 11828160, 213120, 11615040, 'PAID', 11615040, '2024-02-17', 0, 0, '2024-09-19 08:07:34', '2024-09-19 08:07:34'),
(304, NULL, 'SI.2024.01.00065-IJE', NULL, 'SI.2024.01.00065', 'SO.2023.08.00004', '085/BAST/IJE-URBANA/I/2023-UPGRADE', '2024-01-02', 16000000, 1760000, 17760000, 320000, 17440000, 'PAID', 17760000, '2024-02-21', 320000, 0, '2024-09-19 08:07:34', '2024-09-19 08:07:34'),
(305, NULL, 'SI.2024.01.00066-IJE', NULL, 'SI.2024.01.00066', 'SO.2023.12.00003', '242/BAST/IJE-PJLA/XII/2023', '2024-01-02', 10000000, 1100000, 11100000, 200000, 10900000, 'PAID', 11100000, '2024-01-20', 200000, 0, '2024-09-19 08:07:34', '2024-09-19 08:07:34'),
(306, NULL, 'SI.2024.01.00067-IJE', NULL, 'SI.2024.01.00067', 'SO.2023.07.00013', '167/BAST/IJE-JLA/VII/2023-UPGRADE', '2024-01-02', 30000000, 3300000, 33300000, 600000, 32700000, 'PAID', 33300000, '2024-01-20', 600000, 0, '2024-09-19 08:07:34', '2024-09-19 08:07:34'),
(307, NULL, 'SI.2024.01.00068-IJE', NULL, 'SI.2024.01.00068', 'SO.2023.07.00016', '184/BAST/IJE-JLA/VIII/2023', '2024-01-02', 10000000, 1100000, 11100000, 200000, 10900000, 'PAID', 11100000, '2024-01-20', 200000, 0, '2024-09-19 08:07:34', '2024-09-19 08:07:34'),
(308, NULL, 'SI.2024.01.00069-IJE', NULL, 'SI.2024.01.00069', 'SO.2023.07.00004', '162/BAST/IJE-JLA/VII/2023', '2024-01-02', 5000000, 550000, 5550000, 100000, 5450000, 'PAID', 5550000, '2024-01-20', 100000, 0, '2024-09-19 08:07:34', '2024-09-19 08:07:34'),
(309, NULL, 'SI.2024.01.00070-IJE', NULL, 'SI.2024.01.00070', 'SO.2023.08.00022', '188/BAST/IJE-JLA/VIII/2023-UPGRADE', '2024-01-02', 10000000, 1100000, 11100000, 200000, 10900000, 'PAID', 11100000, '2024-01-20', 200000, 0, '2024-09-19 08:07:34', '2024-09-19 08:07:34'),
(310, NULL, 'SI.2024.01.00071-IJE', NULL, 'SI.2024.01.00071', 'SO.2024.01.00003', '148/BAST/IJE-JLA/VI/2023-UPGRADE', '2024-01-02', 10000000, 1100000, 11100000, 200000, 10900000, 'PAID', 11100000, '2024-01-20', 200000, 0, '2024-09-19 08:07:34', '2024-09-19 08:07:34'),
(311, NULL, 'SI.2024.01.00072-IJE', NULL, 'SI.2024.01.00072', 'SO.2023.06.00029', '265/BAST/IJE-MVNET/XI/2023', '2024-01-02', 1320000, 145200, 1465200, 26400, 1438800, 'PAID', 1438800, '2024-01-20', 0, 0, '2024-09-19 08:07:34', '2024-09-19 08:07:34'),
(312, NULL, 'SI.2024.01.00073-IJE', NULL, 'SI.2024.01.00073', 'SO.2023.06.00026', '262/BAST/IJE-MVNET/XI/2023', '2024-01-02', 2809290, 309022, 3118312, 56186, 3062126, 'PAID', 3062126, '2024-01-20', 0, 0, '2024-09-19 08:07:34', '2024-09-19 08:07:34'),
(313, NULL, 'SI.2024.01.00074-IJE', NULL, 'SI.2024.01.00074', 'SO.2023.06.00017', '263/BAST/IJE-MVNET/XI/2023', '2024-01-02', 1839090, 202300, 2041390, 36782, 2004608, 'PAID', 2004608, '2024-01-20', 0, 0, '2024-09-19 08:07:34', '2024-09-19 08:07:34'),
(314, NULL, 'SI.2024.01.00075-IJE', NULL, 'SI.2024.01.00075', 'SO.2023.06.00001', '258/BAST/IJE-MVNET/XI/2023', '2024-01-02', 3025770, 332835, 3358605, 60515, 3298089, 'PAID', 3298089, '2024-01-20', 0, 0, '2024-09-19 08:07:34', '2024-09-19 08:07:34'),
(315, NULL, 'SI.2024.01.00076-IJE', NULL, 'SI.2024.01.00076', 'SO.2023.06.00018', '260/BAST/IJE-MVNET/XI/2023', '2024-01-02', 634920, 69841, 704761, 12698, 692063, 'PAID', 692063, '2024-01-20', 0, 0, '2024-09-19 08:07:34', '2024-09-19 08:07:34'),
(316, NULL, 'SI.2024.01.00077-IJE', NULL, 'SI.2024.01.00077', 'SO.2023.06.00027', '264/BAST/IJE-MVNET/XI/2023', '2024-01-02', 3039300, 334323, 3373623, 60786, 3312837, 'PAID', 3312837, '2024-01-20', 0, 0, '2024-09-19 08:07:34', '2024-09-19 08:07:34'),
(317, NULL, 'SI.2024.01.00078-IJE', NULL, 'SI.2024.01.00078', 'SO.2023.10.00019', '048/BAST/IJE-MVNET/X/2022', '2024-01-02', 15000000, 1650000, 16650000, 300000, 16350000, 'PAID', 16350000, '2024-01-19', 0, 0, '2024-09-19 08:07:34', '2024-09-19 08:07:34'),
(318, NULL, 'SI.2024.01.00079-IJE', NULL, 'SI.2024.01.00079', 'SO.2023.10.00018', '010/BAST/IJE-MVNET/IV/2022', '2024-01-02', 15000000, 1650000, 16650000, 300000, 16350000, 'PAID', 16350000, '2024-01-19', 0, 0, '2024-09-19 08:07:34', '2024-09-19 08:07:34'),
(319, NULL, 'SI.2024.01.00080-IJE', NULL, 'SI.2024.01.00080', 'SO.2023.09.00008', '131/BAST/IJE-POWERTEL/XI/2023', '2024-01-02', 10000000, 1100000, 11100000, 200000, 10900000, 'UNPAID', 0, NULL, 0, 0, '2024-09-19 08:07:34', '2024-09-19 08:07:34'),
(320, NULL, 'SI.2024.01.00081-IJE', NULL, 'SI.2024.01.00081', 'SO.2023.06.00003', '259/BAST/IJE-MVNET/XI/2023', '2024-01-02', 3025770, 332835, 3358605, 60515, 3298089, 'PAID', 3298089, '2024-01-20', 0, 0, '2024-09-19 08:07:34', '2024-09-19 08:07:34'),
(321, NULL, 'SI.2024.01.00082-IJE', NULL, 'SI.2024.01.00082', 'SO.2023.06.00004', '237/BAST/IJE-MVNET/XI/2023', '2024-01-02', 14845710, 1633028, 16478738, 296914, 16181824, 'PAID', 16181824, '2024-01-20', 0, 0, '2024-09-19 08:07:34', '2024-09-19 08:07:34'),
(322, NULL, 'SI.2024.01.00083-IJE', NULL, 'SI.2024.01.00083', 'SO.2023.06.00025', '261/BAST/IJE-MVNET/XI/2023', '2024-01-02', 2690490, 295954, 2986444, 53810, 2932634, 'PAID', 2932634, '2024-01-20', 0, 0, '2024-09-19 08:07:34', '2024-09-19 08:07:34'),
(323, NULL, 'SI.2024.01.00084-IJE', NULL, 'SI.2024.01.00084', 'SO.2023.09.00017', '238/BAST/IJE-MVNET/XI/2023', '2024-01-02', 4000000, 440000, 4440000, 80000, 4360000, 'PAID', 4360000, '2024-01-20', 0, 0, '2024-09-19 08:07:34', '2024-09-19 08:07:34'),
(324, NULL, 'SI.2024.01.00085-IJE', NULL, 'SI.2024.01.00085', 'SO.2023.09.00018', '239/BAST/IJE-MVNET/XI/2023', '2024-01-02', 8000000, 880000, 8880000, 160000, 8720000, 'PAID', 8720000, '2024-01-20', 0, 0, '2024-09-19 08:07:34', '2024-09-19 08:07:34'),
(325, NULL, 'SI.2024.01.00086-IJE', NULL, 'SI.2024.01.00086', 'SO.2023.09.00014', '257/BAST/IJE-MVNET/XII/2023', '2024-01-02', 4000000, 440000, 4440000, 80000, 4360000, 'PAID', 4360000, '2024-01-20', 0, 0, '2024-09-19 08:07:34', '2024-09-19 08:07:34'),
(326, NULL, 'SI.2024.01.00087-IJE', NULL, 'SI.2024.01.00087', 'SO.2023.09.00016', '252/BAST/IJE-MVNET/XII/2023', '2024-01-02', 4000000, 440000, 4440000, 80000, 4360000, 'PAID', 4360000, '2024-01-20', 0, 0, '2024-09-19 08:07:34', '2024-09-19 08:07:34'),
(327, NULL, 'SI.2024.01.00088-IJE', NULL, 'SI.2024.01.00088', 'SO.2023.09.00013', '253/BAST/IJE-MVNET/XII/2023', '2024-01-02', 4000000, 440000, 8880000, 80000, 4360000, 'PAID', 4360000, '2024-01-20', 0, 0, '2024-09-19 08:07:34', '2024-09-19 08:07:34'),
(328, NULL, 'SI.2024.01.00089-IJE', NULL, 'SI.2024.01.00089', 'SO.2023.09.00010', '255/BAST/IJE-MVNET/XII/2023', '2024-01-02', 4000000, 1136520, 11468520, 80000, 5056520, 'PAID', 4360000, '2024-01-20', 0, 696520, '2024-09-19 08:07:34', '2024-09-19 08:07:34'),
(329, NULL, 'SI.2024.01.00090-IJE', NULL, 'SI.2024.01.00090', 'SO.2023.09.00011', '251/BAST/IJE-MVNET/XII/2023', '2024-01-02', 4000000, 440000, 4440000, 80000, 4360000, 'PAID', 4360000, '2024-01-20', 0, 0, '2024-09-19 08:07:34', '2024-09-19 08:07:34'),
(330, NULL, 'SI.2024.01.00091-IJE', NULL, 'SI.2024.01.00091', 'SO.2023.09.00012', '256/BAST/IJE-MVNET/XII/2023', '2024-01-02', 4000000, 440000, 4440000, 80000, 4360000, 'PAID', 4360000, '2024-01-20', 0, 0, '2024-09-19 08:07:34', '2024-09-19 08:07:34'),
(331, NULL, 'SI.2024.01.00092-IJE', NULL, 'SI.2024.01.00092', 'SO.2023.09.00015', '254/BAST/IJE-MVNET/XII/2023', '2024-01-02', 4000000, 440000, 4440000, 80000, 4360000, 'PAID', 4360000, '2024-01-20', 0, 0, '2024-09-19 08:07:34', '2024-09-19 08:07:34'),
(332, NULL, 'SI.2024.01.00093-IJE', NULL, 'SI.2024.01.00093', 'SO.2023.06.00007', '266/BAST/IJE-MVNET/XII/2023', '2024-01-02', 12577752, 1383553, 13961305, 251555, 13709750, 'PAID', 13709749, '2024-01-20', 0, 1, '2024-09-19 08:07:34', '2024-09-19 08:07:34'),
(333, NULL, 'SI.2024.01.00094-IJE', NULL, 'SI.2024.01.00094', 'SO.2023.06.00008', '267/BAST/IJE-MVNET/XII/2023', '2024-01-02', 8542116, 939633, 9481749, 170842, 9310906, 'PAID', 9310906, '2024-01-20', 0, 0, '2024-09-19 08:07:34', '2024-09-19 08:07:34'),
(334, NULL, 'SI.2024.01.00095-IJE', NULL, 'SI.2024.01.00095', 'SO.2023.06.00009', '268/BAST/IJE-MVNET/XII/2023', '2024-01-02', 9656658, 1062232, 10718890, 193133, 10525757, 'PAID', 10525757, '2024-01-20', 0, 0, '2024-09-19 08:07:34', '2024-09-19 08:07:34'),
(335, NULL, 'SI.2024.01.00096-IJE', NULL, 'SI.2024.01.00096', 'SO.2023.06.00014', '269/BAST/IJE-MVNET/XII/2023', '2024-01-02', 12151062, 1336617, 13487679, 243021, 13244658, 'PAID', 13244657, '2024-01-20', 0, 1, '2024-09-19 08:07:34', '2024-09-19 08:07:34'),
(336, NULL, 'SI.2024.01.00097-IJE', NULL, 'SI.2024.01.00097', 'SO.2023.06.00013', '272/BAST/IJE-MVNET/XII/2023', '2024-01-02', 4140576, 455463, 4596039, 82812, 4513228, 'PAID', 4513228, '2024-01-20', 0, 0, '2024-09-19 08:07:34', '2024-09-19 08:07:34'),
(337, NULL, 'SI.2024.01.00098-IJE', NULL, 'SI.2024.01.00098', 'SO.2023.06.00012', '271/BAST/IJE-MVNET/XII/2023', '2024-01-02', 4497570, 494733, 4992303, 89951, 4902351, 'PAID', 4902351, '2024-01-20', 0, 0, '2024-09-19 08:07:34', '2024-09-19 08:07:34'),
(338, NULL, 'SI.2024.01.00099-IJE', NULL, 'SI.2024.01.00099', 'SO.2023.06.00015', '270/BAST/IJE-MVNET/XII/2023', '2024-01-02', 3238488, 356234, 3594722, 64770, 3529952, 'PAID', 3529952, '2024-01-20', 0, 0, '2024-09-19 08:07:34', '2024-09-19 08:07:34'),
(339, NULL, 'SI.2024.01.00100-IJE', NULL, 'SI.2024.01.00100', 'SO.2022.12.00038', '119/BAST/IJE-PNV/IV/2023', '2024-01-02', 5000000, 550000, 5550000, 100000, 5450000, 'PAID', 5550000, '2024-03-16', 100000, 0, '2024-09-19 08:07:34', '2024-09-19 08:07:34'),
(340, NULL, 'SI.2024.01.00101-IJE', NULL, 'SI.2024.01.00101', 'SO.2023.07.00011', '077/BAST/IJE-SANDYANET/I/2023', '2024-01-02', 26250000, 2887500, 29137500, 525000, 28612500, 'PAID', 28612500, '2024-01-16', 0, 0, '2024-09-19 08:07:34', '2024-09-19 08:07:34'),
(341, NULL, 'SI.2024.01.00102-IJE', NULL, 'SI.2024.01.00102', 'SO.2024.01.00007', '271-0000109173', '2024-01-02', 112000000, 12320000, 124320000, 2240000, 122080000, 'PAID', 122080000, '2024-02-29', 0, 0, '2024-09-19 08:07:34', '2024-09-19 08:07:34'),
(342, NULL, 'SI.2024.01.00103-IJE', NULL, 'SI.2024.01.00103', 'SO.2023.03.00062', '150/BAST/IJE-SANDYA/VI/2022', '2024-01-02', 6141630, 675579, 6817209, 122833, 6694377, 'PAID', 6694377, '2024-02-01', 0, 0, '2024-09-19 08:07:34', '2024-09-19 08:07:34'),
(343, NULL, 'SI.2024.01.00104-IJE', NULL, 'SI.2024.01.00104', 'SO.2023.03.00061', '155/BAST/IJE-SANDYA/VI/2023', '2024-01-02', 1743390, 191773, 1935163, 34868, 1900295, 'PAID', 1900295, '2024-02-01', 0, 0, '2024-09-19 08:07:34', '2024-09-19 08:07:34'),
(344, NULL, 'SI.2024.01.00105-IJE', NULL, 'SI.2024.01.00105', 'SO.2023.03.00063', '195/BAST/IJE-BEENET/IX/2023', '2024-01-02', 11175120, 1650000, 16650000, 223502, 12601618, 'PAID', 12180881, '2024-01-16', 0, 420737, '2024-09-19 08:07:34', '2024-09-19 08:07:34'),
(345, NULL, 'SI.2024.01.00106-IJE', NULL, 'SI.2024.01.00106', 'SO.2023.09.00002', '033/BAST/IJE/MULKAN/VIII/2022', '2024-01-02', 5000000, 550000, 5550000, 100000, 5450000, 'PAID', 5450000, '2024-01-27', 0, 0, '2024-09-19 08:07:34', '2024-09-19 08:07:34'),
(346, NULL, 'SI.2024.01.00107-IJE', NULL, 'SI.2024.01.00107', 'SO.2024.01.00016', '036/BAST/IJE-REGYNET/I/2024', '2024-01-02', 15000000, 1650000, 16650000, 300000, 16350000, 'PAID', 16350000, '2024-01-31', 0, 0, '2024-09-19 08:07:34', '2024-09-19 08:07:34'),
(347, NULL, 'SI.2024.01.00108-IJE', NULL, 'SI.2024.01.00108', 'SO.2023.07.00022', '180/BAST/IJE-REGYNET/III/2023', '2024-01-02', 5000000, 550000, 5550000, 100000, 5450000, 'PAID', 5450000, '2024-01-21', 0, 0, '2024-09-19 08:07:34', '2024-09-19 08:07:34'),
(348, NULL, 'SI.2024.01.00109-IJE', NULL, 'SI.2024.01.00109', 'SO.2024.01.00008', '277/BAST/IJE-MVNET/XII/2023', '2024-01-02', 338074, 37188, 375262, 6761, 368501, 'PAID', 368501, '2024-01-19', 0, 0, '2024-09-19 08:07:34', '2024-09-19 08:07:34'),
(349, NULL, 'SI.2024.01.00110-IJE', NULL, 'SI.2024.01.00110', 'SO.2023.06.00016', '276/BAST/IJE-MVNET/XII/2023', '2024-01-02', 445764, 49034, 494798, 8915, 485883, 'PAID', 485883, '2024-01-19', 0, 0, '2024-09-19 08:07:34', '2024-09-19 08:07:34'),
(350, NULL, 'SI.2024.01.00111-IJE', NULL, 'SI.2024.01.00111', 'SO.2023.06.00007', '266/BAST/IJE-MVNET/XII/2023', '2024-01-02', 20962920, 2305921, 23268841, 419258, 22849583, 'PAID', 22849583, '2024-01-20', 0, 0, '2024-09-19 08:07:34', '2024-09-19 08:07:34'),
(351, NULL, 'SI.2024.01.00112-IJE', NULL, 'SI.2024.01.00112', 'SO.2023.06.00008', '267/BAST/IJE-MVNET/XII/2023', '2024-01-02', 14236860, 1566055, 15802915, 284737, 15518177, 'PAID', 15518177, '2024-01-20', 0, 0, '2024-09-19 08:07:34', '2024-09-19 08:07:34'),
(352, NULL, 'SI.2024.01.00113-IJE', NULL, 'SI.2024.01.00113', 'SO.2023.06.00009', '268/BAST/IJE-MVNET/XII/2023', '2024-01-02', 16094430, 1770387, 17864817, 321889, 17542929, 'PAID', 17542929, '2024-01-20', 0, 0, '2024-09-19 08:07:34', '2024-09-19 08:07:34'),
(353, NULL, 'SI.2024.01.00114-IJE', NULL, 'SI.2024.01.00114', 'SO.2023.06.00014', '269/BAST/IJE-MVNET/XII/2023', '2024-01-02', 20251770, 2227695, 22479465, 405035, 22074429, 'PAID', 22074429, '2024-01-20', 0, 0, '2024-09-19 08:07:34', '2024-09-19 08:07:34'),
(354, NULL, 'SI.2024.01.00115-IJE', NULL, 'SI.2024.01.00115', 'SO.2023.06.00015', '270/BAST/IJE-MVNET/XII/2023', '2024-01-02', 5397480, 593723, 5991203, 107950, 5883253, 'PAID', 5883253, '2024-01-20', 0, 0, '2024-09-19 08:07:34', '2024-09-19 08:07:34'),
(355, NULL, 'SI.2024.01.00116-IJE', NULL, 'SI.2024.01.00116', 'SO.2023.06.00012', '271/BAST/IJE-MVNET/XII/2023', '2024-01-02', 7495950, 824555, 8320505, 149919, 8170586, 'PAID', 8170585, '2024-01-20', 0, 1, '2024-09-19 08:07:34', '2024-09-19 08:07:34'),
(356, NULL, 'SI.2024.01.00117-IJE', NULL, 'SI.2024.01.00117', 'SO.2023.06.00013', '272/BAST/IJE-MVNET/XII/2023', '2024-01-02', 6900960, 759106, 7660066, 138019, 7522046, 'PAID', 7522046, '2024-01-20', 0, 0, '2024-09-19 08:07:34', '2024-09-19 08:07:34'),
(357, NULL, 'SI.2024.01.00118-IJE', NULL, 'SI.2024.01.00118', 'SO.2023.06.00010', '275/BAST/IJE-MVNET/XII/2023', '2024-01-02', 3445357, 378989, 3824346, 68907, 3755439, 'PAID', 3755439, '2024-01-19', 0, 0, '2024-09-19 08:07:34', '2024-09-19 08:07:34'),
(358, NULL, 'SI.2024.01.00119-IJE', NULL, 'SI.2024.01.00119', 'SO.2023.06.00011', '278/BAST/IJE-MVNET/XII/2023', '2024-01-02', 4019862, 442185, 4462047, 80397, 4381650, 'PAID', 4381649, '2024-01-19', 0, 1, '2024-09-19 08:07:34', '2024-09-19 08:07:34'),
(359, NULL, 'SI.2024.01.00120-IJE', NULL, 'SI.2024.01.00120', 'SO.2023.09.00025', '206/BAST/IJE-VICTORY/X/2023', '2024-01-02', 5000000, 550000, 5550000, 100000, 5450000, 'PAID', 5450000, '2024-03-27', 0, 0, '2024-09-19 08:07:34', '2024-09-19 08:07:34'),
(360, NULL, 'SI.2024.01.00121-IJE', NULL, 'SI.2024.01.00121', 'SO.2023.09.00026', '207/BAST/IJE-VICTORY/X/2023', '2024-01-02', 5000000, 550000, 5550000, 100000, 5450000, 'PAID', 5450000, '2024-03-27', 0, 0, '2024-09-19 08:07:34', '2024-09-19 08:07:34'),
(361, NULL, 'SI.2024.01.00122-IJE', NULL, 'SI.2024.01.00122', 'SO.2023.11.00002', '215/BAST/IJE-VICTORY/XI/2023', '2024-01-02', 5000000, 550000, 5550000, 100000, 5450000, 'PAID', 5450000, '2024-02-16', 0, 0, '2024-09-19 08:07:34', '2024-09-19 08:07:34'),
(362, NULL, 'SI.2024.01.00123-IJE', NULL, 'SI.2024.01.00123', 'SO.2023.09.00024', '205/BAST/IJE/VICTORY/X/2023', '2024-01-02', 15000000, 1650000, 16650000, 300000, 16350000, 'PAID', 16350000, '2024-02-16', 0, 0, '2024-09-19 08:07:34', '2024-09-19 08:07:34'),
(363, NULL, 'SI.2024.01.00124-IJE', NULL, 'SI.2024.01.00124', 'SO.2023.10.00003', '249/BAST/IJE-ASNET/XI/2023', '2024-01-02', 55000000, 6050000, 61050000, 1100000, 59950000, 'PAID', 61050000, '2024-04-06', 1100000, 0, '2024-09-19 08:07:34', '2024-09-19 08:07:34'),
(364, NULL, 'SI.2024.01.00284-IJE', NULL, 'SI.2024.01.00284', 'SO.2024.01.00068', '248/BAST/IJE-ASNET/XII/2023', '2024-01-27', 11250000, 1237500, 12487500, 225000, 12262500, 'PAID', 12487500, '2024-02-22', 225000, 0, '2024-09-19 08:07:34', '2024-09-19 08:07:34'),
(365, NULL, 'SI.2024.01.00125-IJE', NULL, 'SI.2024.01.00125', 'SO.2023.03.00004', '106/BAST/IJE-TBG/III/2023', '2024-01-02', 595000, 65450, 660450, 11900, 648550, 'PAID', 648550, '2024-08-16', 0, 0, '2024-09-19 08:07:34', '2024-09-19 08:07:34'),
(366, NULL, 'SI.2024.01.00126-IJE', NULL, 'SI.2024.01.00126', 'SO.2024.01.00009', '187/BAST/IJE-TERABYTE/VIII/2023', '2024-01-02', 11000000, 1210000, 12210000, 220000, 11990000, 'PAID', 11990000, '2024-05-03', 0, 0, '2024-09-19 08:07:34', '2024-09-19 08:07:34'),
(367, NULL, 'SI.2024.01.00127-IJE', NULL, 'SI.2024.01.00127', 'SO.2023.04.00076', '120/BAST/IJE-PAGLO/IV/2023-UPGRADE', '2024-01-02', 25000000, 2750000, 27750000, 500000, 27250000, 'PAID', 27750000, '2024-01-15', 500000, 0, '2024-09-19 08:07:34', '2024-09-19 08:07:34'),
(368, NULL, 'SI.2024.01.00128-IJE', NULL, 'SI.2024.01.00128', 'SO.2023.01.00010', '016/BAST/IJE-NUEVIZ/IV/2022', '2024-01-02', 8000000, 880000, 8880000, 160000, 8720000, 'PAID', 8720000, '2024-03-19', 0, 0, '2024-09-19 08:07:34', '2024-09-19 08:07:34'),
(369, NULL, 'SI.2024.01.00129-IJE', NULL, 'SI.2024.01.00129', 'SO.2023.12.00002', 'BAA', '2024-01-02', 3379800, 371778, 3751578, 67596, 3683982, 'UNPAID', 0, NULL, 0, 0, '2024-09-19 08:07:34', '2024-09-19 08:07:34'),
(370, NULL, 'SI.2024.01.00130-IJE', NULL, 'SI.2024.01.00130', 'SO.2023.07.00014', 'BAA', '2024-01-02', 10332000, 1136520, 11468520, 206640, 11261880, 'PAID', 11468520, '2024-05-11', 206640, 0, '2024-09-19 08:07:34', '2024-09-19 08:07:34'),
(371, NULL, 'SI.2024.01.00131-IJE', NULL, 'SI.2024.01.00131', 'SO.2023.01.00005', '085/BAST/IJE-VSA/I/2023', '2024-01-02', 5000000, 550000, 5550000, 100000, 5450000, 'PAID', 5450000, '2024-01-18', 0, 0, '2024-09-19 08:07:34', '2024-09-19 08:07:34'),
(372, NULL, 'SI.2024.01.00132-IJE', NULL, 'SI.2024.01.00132', 'SO.2024.01.00010', '073/BAST/IJE-VSA/I/2023-UPGRADE', '2024-01-02', 20000000, 2200000, 22200000, 400000, 21800000, 'PAID', 21800000, '2024-01-18', 0, 0, '2024-09-19 08:07:34', '2024-09-19 08:07:34'),
(373, NULL, 'SI.2024.01.00133-IJE', NULL, 'SI.2024.01.00133', 'SO.2023.07.00018', '021/BAST/IJE/VBR/VI/2022', '2024-01-02', 15305100, 1683561, 16988661, 306102, 16682559, 'PAID', 16682559, '2024-02-03', 0, 0, '2024-09-19 08:07:34', '2024-09-19 08:07:34'),
(374, NULL, 'SI.2024.01.00134-IJE', NULL, 'SI.2024.01.00134', 'SO.2023.07.00017', '020/BAST/IJE/VBR/VI/2022', '2024-01-02', 15305100, 1683561, 16988661, 306102, 16682559, 'PAID', 16682559, '2024-02-03', 0, 0, '2024-09-19 08:07:34', '2024-09-19 08:07:34'),
(375, NULL, 'SI.2024.01.00135-IJE', NULL, 'SI.2024.01.00135', 'SO.2023.07.00012', '025/BAST/IJE/TGG/VII/2022', '2024-01-02', 8000000, 880000, 8880000, 160000, 8720000, 'PAID', 8720000, '2024-01-23', 0, 0, '2024-09-19 08:07:34', '2024-09-19 08:07:34'),
(376, NULL, 'SI.2024.01.00136-IJE', NULL, 'SI.2024.01.00136', 'SO.2024.01.00011', '082/BAST/IJE/TGG/I/2023', '2024-01-02', 8000000, 880000, 8880000, 160000, 8720000, 'PAID', 8720000, '2024-01-23', 0, 0, '2024-09-19 08:07:34', '2024-09-19 08:07:34'),
(377, NULL, 'SI.2024.01.00137-IJE', NULL, 'SI.2024.01.00137', 'SO.2023.11.00007', '074/BAST/IJE-SDI/I/2023-DOWNGRADE', '2024-01-02', 22479940, 2472793, 24952733, 449599, 24503135, 'PAID', 24503135, '2024-02-13', 0, 0, '2024-09-19 08:07:34', '2024-09-19 08:07:34'),
(378, NULL, 'SI.2024.01.00138-IJE', NULL, 'SI.2024.01.00138', 'SO.2023.06.00057', '203/BAST/IJE-SIBERTECH/IX/2023', '2024-01-02', 1000000, 110000, 1110000, 20000, 1090000, 'PAID', 1110000, '2024-01-17', 20000, 0, '2024-09-19 08:07:34', '2024-09-19 08:07:34'),
(379, NULL, 'SI.2024.01.00139-IJE', NULL, 'SI.2024.01.00139', 'SO.2023.06.00058', '202/BAST/IJE-SIBERTECH/IX/2023', '2024-01-02', 52500000, 5775000, 58275000, 1050000, 57225000, 'PAID', 58275000, '2024-01-17', 1050000, 0, '2024-09-19 08:07:34', '2024-09-19 08:07:34'),
(380, NULL, 'SI.2024.01.00140-IJE', NULL, 'SI.2024.01.00140', 'SO.2023.03.00059', '196/BAST/IJE-BEENET/IX/2023', '2024-01-02', 4035900, 443949, 4479849, 80718, 4399131, 'PAID', 4399131, '2024-01-16', 0, 0, '2024-09-19 08:07:34', '2024-09-19 08:07:34'),
(381, NULL, 'SI.2024.01.00141-IJE', NULL, 'SI.2024.01.00141', 'SO.2024.01.00004', 'BAA', '2024-01-02', 1627087, 178980, 1806067, 32542, 1773525, 'PAID', 1773525, '2024-01-16', 0, 0, '2024-09-19 08:07:34', '2024-09-19 08:07:34'),
(382, NULL, 'SI.2024.01.00142-IJE', NULL, 'SI.2024.01.00142', 'SO.2023.10.00033', '250/BAST/IJE-POWERTEL/XII/2023', '2024-01-02', 1929600, 212256, 2141856, 38592, 2103264, 'PAID', 2103264, '2024-01-19', 0, 0, '2024-09-19 08:07:34', '2024-09-19 08:07:34'),
(383, NULL, 'SI.2024.01.00143-IJE', NULL, 'SI.2024.01.00143', 'SO.2023.03.00060', '197/BAST/IJE-BEENET/IX/2023', '2024-01-02', 7260000, 798600, 8058600, 145200, 7913400, 'PAID', 7913400, '2024-01-16', 0, 0, '2024-09-19 08:07:34', '2024-09-19 08:07:34'),
(384, NULL, 'SI.2024.01.00144-IJE', NULL, 'SI.2024.01.00144', 'SO.2023.12.00001', '086/BAST/IJE-VBR/I/2023', '2024-01-02', 1500000, 165000, 1665000, 30000, 1635000, 'PAID', 1635000, '2024-02-03', 0, 0, '2024-09-19 08:07:34', '2024-09-19 08:07:34'),
(385, NULL, 'SI.2024.01.00145-IJE', NULL, 'SI.2024.01.00145', 'SO.2023.10.00025', '230/BAST/IJE-WIFIKU/XI/2023', '2024-01-02', 10000000, 1100000, 11100000, 200000, 10900000, 'PAID', 10900000, '2024-02-02', 0, 0, '2024-09-19 08:07:34', '2024-09-19 08:07:34'),
(386, NULL, 'SI.2024.01.00146-IJE', NULL, 'SI.2024.01.00146', 'SO.2023.10.00001', '001/BAST/IJE-WIFIKU/IV/2022', '2024-01-02', 8000000, 880000, 8880000, 160000, 8720000, 'PAID', 8720000, '2024-02-02', 0, 0, '2024-09-19 08:07:34', '2024-09-19 08:07:34'),
(387, NULL, 'SI.2024.01.00147-IJE', NULL, 'SI.2024.01.00147', 'SO.2023.06.00034', '151/BAST/IJE-WIFIAN/VI/2023', '2024-01-02', 10000000, 1873463, 11873463, 200000, 11673463, 'PAID', 11100000, '2024-03-28', 0, 573463, '2024-09-19 08:07:34', '2024-09-19 08:07:34'),
(388, NULL, 'SI.2024.01.00148-IJE', NULL, 'SI.2024.01.00148', 'SO.2023.07.00024', '023/BAST/IJE/WIFIAN/VI/2022', '2024-01-02', 34711000, 3818210, 38529210, 694220, 37834990, 'PAID', 38529210, '2024-03-28', 694220, 0, '2024-09-19 08:07:34', '2024-09-19 08:07:34'),
(389, NULL, 'SI.2024.01.00149-IJE', NULL, 'SI.2024.01.00149', 'SO.2023.08.00008', '032/BAST/IJE/WIFIAN/VII/2022', '2024-01-02', 48200000, 5302000, 53502000, 964000, 52538000, 'PAID', 53502000, '2024-03-19', 964000, 0, '2024-09-19 08:07:34', '2024-09-19 08:07:34'),
(390, NULL, 'SI.2024.01.00150-IJE', NULL, 'SI.2024.01.00150', 'SO.2023.11.00010', '223/BAST/IJE-PFI/XI/2023', '2024-01-02', 7000000, 770000, 7770000, 140000, 7630000, 'PAID', 7630000, '2024-01-19', 0, 0, '2024-09-19 08:07:34', '2024-09-19 08:07:34'),
(391, NULL, 'SI.2024.01.00151-IJE', NULL, 'SI.2024.01.00151', 'SO.2023.11.00011', '224/BAST/IJE-PFI/XI/2023', '2024-01-02', 4000000, 440000, 4440000, 80000, 4360000, 'PAID', 4360000, '2024-01-19', 0, 0, '2024-09-19 08:07:34', '2024-09-19 08:07:34'),
(392, NULL, 'SI.2024.01.00152-IJE', NULL, 'SI.2024.01.00152', 'SO.2023.11.00009', '222/BAST/IJE-PFI/XI/2023', '2024-01-02', 7000000, 770000, 7770000, 140000, 7630000, 'PAID', 7630000, '2024-01-19', 0, 0, '2024-09-19 08:07:34', '2024-09-19 08:07:34'),
(393, NULL, 'SI.2024.01.00153-IJE', NULL, 'SI.2024.01.00153', 'SO.2023.01.00002', '059/BAST/IJE-JMT/XI/2022', '2024-01-02', 10437703, 1148147, 11585850, 208754, 11377096, 'UNPAID', 0, NULL, 0, 0, '2024-09-19 08:07:34', '2024-09-19 08:07:34');
INSERT INTO `invoices` (`id`, `status_1`, `nomor_invoice`, `status_2`, `inv_no`, `so_no`, `mo_bast`, `inv_date`, `inv_amount_dpp`, `ppn_11`, `total_inv`, `pph_2`, `receive`, `paid_unpaid`, `total_payment`, `payment_date`, `total_lebih_bayar`, `total_kurang_bayar`, `created_at`, `updated_at`) VALUES
(394, NULL, 'SI.2024.01.00154-IJE', NULL, 'SI.2024.01.00154', 'SO.2023.11.00038', '229/BAST/IJE-APRIN/XI/2023', '2024-01-02', 39766560, 4374322, 44140882, 795331, 43345550, 'PAID', 44140881, '2024-01-23', 795331, 0, '2024-09-19 08:07:34', '2024-09-19 08:07:34'),
(395, NULL, 'SI.2024.01.00155-IJE', NULL, 'SI.2024.01.00155', 'SO.2024.01.00008', '277/BAST/IJE-MVNET/XII/2023', '2024-01-02', 922020, 101422, 1023442, 18440, 1005002, 'PAID', 1005002, '2024-01-19', 0, 0, '2024-09-19 08:07:34', '2024-09-19 08:07:34'),
(396, NULL, 'SI.2024.01.00156-IJE', NULL, 'SI.2024.01.00156', 'SO.2023.06.00016', '276/BAST/IJE-MVNET/XII/2023', '2024-01-02', 1215720, 133729, 1349449, 24314, 1325135, 'PAID', 1325135, '2024-01-19', 0, 0, '2024-09-19 08:07:34', '2024-09-19 08:07:34'),
(397, NULL, 'SI.2024.01.00157-IJE', NULL, 'SI.2024.01.00157', 'SO.2023.06.00011', '278/BAST/IJE-MVNET/XII/2023', '2024-01-02', 10963260, 1205959, 12169219, 219265, 11949953, 'PAID', 11949953, '2024-01-20', 0, 0, '2024-09-19 08:07:34', '2024-09-19 08:07:34'),
(398, NULL, 'SI.2024.01.00158-IJE', NULL, 'SI.2024.01.00158', 'SO.2023.06.00010', '275/BAST/IJE-MVNET/XII/2023', '2024-01-02', 9396420, 1033606, 10430026, 187928, 10242098, 'PAID', 10242098, '2024-01-20', 0, 0, '2024-09-19 08:07:34', '2024-09-19 08:07:34'),
(399, NULL, 'SI.2024.01.00159-IJE', NULL, 'SI.2024.01.00159', 'SO.2024.01.00004', 'BAA', '2024-01-02', 2871330, 315846, 3187176, 57427, 3129750, 'PAID', 3129750, '2024-01-16', 0, 0, '2024-09-19 08:07:34', '2024-09-19 08:07:34'),
(400, NULL, 'SI.2024.01.00160-IJE', NULL, 'SI.2024.01.00160', 'SO.2023.10.00033', '250/BAST/IJE-POWERTEL/XII/2023', '2024-01-02', 3216000, 353760, 3569760, 64320, 3505440, 'PAID', 3505440, '2024-01-19', 0, 0, '2024-09-19 08:07:34', '2024-09-19 08:07:34'),
(401, NULL, 'SI.2024.01.00161-IJE', NULL, 'SI.2024.01.00161', 'SO.2023.12.00015', '274/BAST/IJE-HANDAYANI/XII/2023', '2024-01-02', 1666667, 183333, 1850000, 33333, 1816667, 'PAID', 1850000, '2024-01-17', 33333, 0, '2024-09-19 08:07:34', '2024-09-19 08:07:34'),
(402, NULL, 'SI.2024.01.00162-IJE', NULL, 'SI.2024.01.00162', 'SO.2024.01.00012', 'BAA', '2024-01-02', 10500000, 1155000, 11655000, 210000, 11445000, 'PAID', 11445000, '2024-07-17', 0, 0, '2024-09-19 08:07:34', '2024-09-19 08:07:34'),
(403, NULL, 'SI.2024.01.00163-IJE', NULL, 'SI.2024.01.00163', 'SO.2023.11.00019', '280/BAST/IJE-PFI/XII/2023', '2024-01-02', 3500000, 385000, 3885000, 70000, 3815000, 'PAID', 3815000, '2024-01-19', 0, 0, '2024-09-19 08:07:34', '2024-09-19 08:07:34'),
(404, NULL, 'SI.2024.01.00164-IJE', NULL, 'SI.2024.01.00164', 'SO.2024.01.00005', '004/BAST/IJE-MYREP/I/2024', '2024-01-03', 666667, 73333, 740000, 13333, 726667, 'PAID', 726667, '2024-02-03', 0, 0, '2024-09-19 08:07:34', '2024-09-19 08:07:34'),
(405, NULL, 'SI.2024.01.00165-IJE', NULL, 'SI.2024.01.00165', 'SO.2024.01.00005', '004/BAST/IJE-MYREP/I/2024', '2024-01-03', 1000000, 110000, 1110000, 20000, 1090000, 'PAID', 1090000, '2024-02-03', 0, 0, '2024-09-19 08:07:34', '2024-09-19 08:07:34'),
(406, NULL, 'SI.2024.01.00166-IJE', NULL, 'SI.2024.01.00166', 'SO.2023.11.00016', '005/BAST/IJE-SMI/I/2024', '2024-01-02', 30544000, 3359840, 33903840, 610880, 33292960, 'PAID', 33903840, '2024-01-12', 610880, 0, '2024-09-19 08:07:34', '2024-09-19 08:07:34'),
(407, NULL, 'SI.2024.01.00167-IJE', NULL, 'SI.2024.01.00167', 'SO.2023.12.00016', '003/BAST/IJE-PRIMAHOME/I/2024', '2024-01-02', 20000000, 2200000, 22200000, 400000, 21800000, 'PAID', 22200000, '2024-02-01', 400000, 0, '2024-09-19 08:07:34', '2024-09-19 08:07:34'),
(408, NULL, 'SI.2024.01.00168-IJE', NULL, 'SI.2024.01.00168', 'SO.2023.12.00017', '002/BAST/IJE-PRIMAHOME/I/2024', '2024-01-02', 10000000, 1100000, 11100000, 200000, 10900000, 'PAID', 11100000, '2024-02-01', 200000, 0, '2024-09-19 08:07:34', '2024-09-19 08:07:34'),
(409, NULL, 'SI.2024.01.00169-IJE', NULL, 'SI.2024.01.00169', 'SO.2023.12.00018', '001/BAST/IJE-PRIMAHOME/I/2024', '2024-01-02', 10000000, 1100000, 11100000, 200000, 10900000, 'PAID', 11100000, '2024-02-01', 200000, 0, '2024-09-19 08:07:34', '2024-09-19 08:07:34'),
(410, NULL, 'SI.2024.01.00170-IJE', NULL, 'SI.2024.01.00170', 'SO.2023.03.00064', '245/BAST/IJE-SANDYA/XII/2023', '2024-01-02', 3975840, 437342, 4413182, 79517, 4333666, 'PAID', 4333666, '2024-02-01', 0, 0, '2024-09-19 08:07:34', '2024-09-19 08:07:34'),
(411, NULL, 'SI.2024.01.00171-IJE', NULL, 'SI.2024.01.00171', 'SO.2023.03.00065', '245/BAST/IJE-SANDYA/XII/2023', '2024-01-02', 4468200, 491502, 4959702, 89364, 4870338, 'PAID', 4870338, '2024-02-01', 0, 0, '2024-09-19 08:07:34', '2024-09-19 08:07:34'),
(412, NULL, 'SI.2024.01.00172-IJE', NULL, 'SI.2024.01.00172', 'SO.2023.03.00079', '245/BAST/IJE-SANDYA/XII/2023', '2024-01-02', 5714280, 628571, 6342851, 114286, 6228565, 'PAID', 6228565, '2024-02-01', 0, 0, '2024-09-19 08:07:34', '2024-09-19 08:07:34'),
(413, NULL, 'SI.2024.01.00173-IJE', NULL, 'SI.2024.01.00173', 'SO.2024.01.00013', '245/BAST/IJE-SANDYA/XII/2023', '2024-01-02', 6470640, 711770, 7182410, 129413, 7052998, 'PAID', 7052998, '2024-02-01', 0, 0, '2024-09-19 08:07:34', '2024-09-19 08:07:34'),
(414, NULL, 'SI.2024.01.00174-IJE', NULL, 'SI.2024.01.00174', 'SO.2024.01.00014', '245/BAST/IJE-SANDYA/XII/2023', '2024-01-02', 2160840, 237692, 2398532, 43217, 2355316, 'PAID', 2355316, '2024-02-01', 0, 0, '2024-09-19 08:07:34', '2024-09-19 08:07:34'),
(415, NULL, 'SI.2024.01.00175-IJE', NULL, 'SI.2024.01.00175', 'SO.2024.01.00015', '245/BAST/IJE-SANDYA/XII/2023', '2024-01-02', 369600, 40656, 410256, 7392, 402864, 'PAID', 402864, '2024-02-01', 0, 0, '2024-09-19 08:07:34', '2024-09-19 08:07:34'),
(416, NULL, 'SI.2024.01.00176-IJE', NULL, 'SI.2024.01.00176', 'SO.2023.10.00034', '006/BAST/IJE-POWERTEL/I/2024', '2024-01-02', 2447400, 269214, 2716614, 48948, 2667666, 'UNPAID', 0, NULL, 0, 0, '2024-09-19 08:07:34', '2024-09-19 08:07:34'),
(417, NULL, 'SI.2024.01.00177-IJE', NULL, 'SI.2024.01.00177', 'SO.2023.10.00034', '006/BAST/IJE-POWERTEL/I/2024', '2024-01-02', 14684400, 1615284, 16299684, 293688, 16005996, 'UNPAID', 0, NULL, 0, 0, '2024-09-19 08:07:34', '2024-09-19 08:07:34'),
(418, NULL, 'SI.2024.01.00178-IJE', NULL, 'SI.2024.01.00178', 'SO.2023.03.00064', '245/BAST/IJE-SANDYA/XII/2023', '2024-01-02', 9939600, 1093356, 11032956, 198792, 10834164, 'PAID', 10834164, '2024-02-01', 0, 0, '2024-09-19 08:07:34', '2024-09-19 08:07:34'),
(419, NULL, 'SI.2024.01.00179-IJE', NULL, 'SI.2024.01.00179', 'SO.2023.03.00065', '245/BAST/IJE-SANDYA/XII/2023', '2024-01-02', 11170500, 1228755, 12399255, 223410, 12175845, 'PAID', 12175845, '2024-02-01', 0, 0, '2024-09-19 08:07:34', '2024-09-19 08:07:34'),
(420, NULL, 'SI.2024.01.00180-IJE', NULL, 'SI.2024.01.00180', 'SO.2023.03.00079', '245/BAST/IJE-SANDYA/XII/2023', '2024-01-02', 14285700, 1571427, 15857127, 285714, 15571413, 'PAID', 15571413, '2024-02-01', 0, 0, '2024-09-19 08:07:34', '2024-09-19 08:07:34'),
(421, NULL, 'SI.2024.01.00181-IJE', NULL, 'SI.2024.01.00181', 'SO.2024.01.00013', '245/BAST/IJE-SANDYA/XII/2023', '2024-01-02', 16176600, 1779426, 17956026, 323532, 17632494, 'PAID', 17632494, '2024-02-01', 0, 0, '2024-09-19 08:07:34', '2024-09-19 08:07:34'),
(422, NULL, 'SI.2024.01.00182-IJE', NULL, 'SI.2024.01.00182', 'SO.2024.01.00014', '245/BAST/IJE-SANDYA/XII/2023', '2024-01-02', 5402100, 594231, 5996331, 108042, 5888289, 'PAID', 5888289, '2024-02-01', 0, 0, '2024-09-19 08:07:34', '2024-09-19 08:07:34'),
(423, NULL, 'SI.2024.01.00183-IJE', NULL, 'SI.2024.01.00183', 'SO.2024.01.00015', '245/BAST/IJE-SANDYA/XII/2023', '2024-01-02', 924000, 101640, 1025640, 18480, 1007160, 'PAID', 1007160, '2024-02-01', 0, 0, '2024-09-19 08:07:34', '2024-09-19 08:07:34'),
(424, NULL, 'SI.2024.01.00184-IJE', NULL, 'SI.2024.01.00184', 'SO.2023.11.00030', '244/BAST/IJE-SIAP/XII/2023', '2024-01-02', 10500000, 1155000, 11655000, 210000, 11445000, 'UNPAID', 0, NULL, 0, 0, '2024-09-19 08:07:34', '2024-09-19 08:07:34'),
(425, NULL, 'SI.2024.01.00185-IJE', NULL, 'SI.2024.01.00185', 'SO.2023.04.00032', '003/BAST/IJE-SINERGY/II/2023', '2024-01-02', 3500000, 385000, 3885000, 70000, 3815000, 'PAID', 3815000, '2024-02-17', 0, 0, '2024-09-19 08:07:34', '2024-09-19 08:07:34'),
(426, NULL, 'SI.2024.01.00186-IJE', NULL, 'SI.2024.01.00186', 'SO.2023.05.00007', '006/BAST/IJE-SINERGY/II/2023', '2024-01-02', 10500000, 1155000, 11655000, 210000, 11445000, 'PAID', 11445000, '2024-07-12', 0, 0, '2024-09-19 08:07:34', '2024-09-19 08:07:34'),
(427, NULL, 'SI.2024.01.00187-IJE', NULL, 'SI.2024.01.00187', 'SO.2023.04.00029', '008/BAST/IJE-SINERGY/II/2023', '2024-01-02', 3500000, 385000, 3885000, 70000, 3815000, 'PAID', 3815000, '2024-01-31', 0, 0, '2024-09-19 08:07:34', '2024-09-19 08:07:34'),
(428, NULL, 'SI.2024.01.00188-IJE', NULL, 'SI.2024.01.00188', 'SO.2023.06.00046', '161/BAST/IJE-SINERGY/VII/2023', '2024-01-02', 3500000, 385000, 3885000, 70000, 3815000, 'PAID', 3815000, '2024-05-31', 0, 0, '2024-09-19 08:07:34', '2024-09-19 08:07:34'),
(429, NULL, 'SI.2024.01.00189-IJE', NULL, 'SI.2024.01.00189', 'SO.2023.06.00049', '154/BAST/IJE-SINERGY/VI/2023', '2024-01-02', 3500000, 385000, 3885000, 70000, 3815000, 'PAID', 3815000, '2024-01-26', 0, 0, '2024-09-19 08:07:34', '2024-09-19 08:07:34'),
(430, NULL, 'SI.2024.01.00190-IJE', NULL, 'SI.2024.01.00190', 'SO.2023.06.00047', '177/BAST/IJE-SINERGY/VIII/2023', '2024-01-02', 3500000, 385000, 3885000, 70000, 3815000, 'PAID', 3815000, '2024-02-17', 0, 0, '2024-09-19 08:07:34', '2024-09-19 08:07:34'),
(431, NULL, 'SI.2024.01.00191-IJE', NULL, 'SI.2024.01.00191', 'SO.2023.04.00142', '131/BAST/IJE-SIAPQQSTU/V/2023', '2024-01-02', 17500000, 1925000, 19425000, 350000, 19075000, 'UNPAID', 0, NULL, 0, 0, '2024-09-19 08:07:34', '2024-09-19 08:07:34'),
(432, NULL, 'SI.2024.01.00192-IJE', NULL, 'SI.2024.01.00192', 'SO.2023.04.00037', '014/BAST/IJE-SINERGY/IV/2023', '2024-01-02', 3500000, 385000, 3885000, 70000, 3815000, 'UNPAID', 0, NULL, 0, 0, '2024-09-19 08:07:34', '2024-09-19 08:07:34'),
(433, NULL, 'SI.2024.01.00193-IJE', NULL, 'SI.2024.01.00193', 'SO.2023.07.00007', '178/BAST/IJE-SINERGY/VIII/2023', '2024-01-02', 3500000, 385000, 3885000, 70000, 3815000, 'PAID', 3815000, '2024-02-17', 0, 0, '2024-09-19 08:07:34', '2024-09-19 08:07:34'),
(434, NULL, 'SI.2024.01.00194-IJE', NULL, 'SI.2024.01.00194', 'SO.2023.05.00008', '279/BAST/IJE-SIAP/XII/2023', '2024-01-02', 7000000, 770000, 7770000, 140000, 7630000, 'UNPAID', 0, NULL, 0, 0, '2024-09-19 08:07:34', '2024-09-19 08:07:34'),
(435, NULL, 'SI.2024.01.00195-IJE', NULL, 'SI.2024.01.00195', 'SO.2023.04.00028', '005/BAST/IJE-SINERGY/II/2023', '2024-01-02', 3500000, 385000, 3885000, 70000, 3815000, 'PAID', 3815000, '2024-02-21', 0, 0, '2024-09-19 08:07:34', '2024-09-19 08:07:34'),
(436, NULL, 'SI.2024.01.00196-IJE', NULL, 'SI.2024.01.00196', 'SO.2023.05.00003', '200/BAST/IJE-SINERGY/IX/2023', '2024-01-02', 3500000, 385000, 3885000, 70000, 3815000, 'UNPAID', 0, NULL, 0, 0, '2024-09-19 08:07:34', '2024-09-19 08:07:34'),
(437, NULL, 'SI.2024.01.00197-IJE', NULL, 'SI.2024.01.00197', 'SO.2023.11.00012', '226/BAST/IJE-SIAP/XI/2023', '2024-01-02', 3500000, 385000, 3885000, 70000, 3815000, 'PAID', 3815000, '2024-02-13', 0, 0, '2024-09-19 08:07:34', '2024-09-19 08:07:34'),
(438, NULL, 'SI.2024.01.00198-IJE', NULL, 'SI.2024.01.00198', 'SO.2023.05.00058', 'BAA', '2024-01-02', 3500000, 385000, 3885000, 70000, 3815000, 'PAID', 3815000, '2024-02-17', 0, 0, '2024-09-19 08:07:34', '2024-09-19 08:07:34'),
(439, NULL, 'SI.2024.01.00199-IJE', NULL, 'SI.2024.01.00199', 'SO.2023.09.00023', '240/BAST/IJE-SIAP/XI/2023', '2024-01-02', 17500000, 1925000, 19425000, 350000, 19075000, 'UNPAID', 0, NULL, 0, 0, '2024-09-19 08:07:34', '2024-09-19 08:07:34'),
(440, NULL, 'SI.2024.01.00200-IJE', NULL, 'SI.2024.01.00200', 'SO.2023.09.00022', '232/BAST/IJE-SIAP/XI/2023', '2024-01-02', 3500000, 385000, 3885000, 70000, 3815000, 'PAID', 3815000, '2024-04-18', 0, 0, '2024-09-19 08:07:34', '2024-09-19 08:07:34'),
(441, NULL, 'SI.2024.01.00201-IJE', NULL, 'SI.2024.01.00201', 'SO.2023.08.00027', '243/BAST/IJE-SIAP/XII/2023', '2024-01-02', 3033333, 333667, 3367000, 60667, 3306333, 'UNPAID', 0, NULL, 0, 0, '2024-09-19 08:07:34', '2024-09-19 08:07:34'),
(442, NULL, 'SI.2024.01.00202-IJE', NULL, 'SI.2024.01.00202', 'SO.2023.11.00018', '225/BAST/IJE-SIAP/XI/2023', '2024-01-02', 1000000, 110000, 1110000, 20000, 1090000, 'PAID', 1090000, '2024-01-19', 0, 0, '2024-09-19 08:07:34', '2024-09-19 08:07:34'),
(443, NULL, 'SI.2024.01.00203-IJE', NULL, 'SI.2024.01.00203', 'SO.2023.10.00022', '218/BAST/IJE-SIAP/XI/2023', '2024-01-02', 10500000, 1155000, 11655000, 210000, 11445000, 'PAID', 11445000, '2024-02-17', 0, 0, '2024-09-19 08:07:34', '2024-09-19 08:07:34'),
(444, NULL, 'SI.2024.01.00208-IJE', NULL, 'SI.2024.01.00208', 'SO.2023.04.00155', '131/BAST/IJE-SIAPQQITT/V/2023', '2024-01-02', 3312628, 364389, 3677017, 66253, 3610765, 'UNPAID', 0, NULL, 0, 0, '2024-09-19 08:07:34', '2024-09-19 08:07:34'),
(445, NULL, 'SI.2024.01.00209-IJE', NULL, 'SI.2024.01.00209', 'SO.2023.04.00031', '010/BAST/IJE-SINERGY/II/2023', '2024-01-02', 3500000, 385000, 3885000, 70000, 3815000, 'PAID', 3815000, '2024-02-04', 0, 0, '2024-09-19 08:07:34', '2024-09-19 08:07:34'),
(446, NULL, 'SI.2024.01.00210-IJE', NULL, 'SI.2024.01.00210', 'SO.2023.04.00030', '013/BAST/IJE-SINERGY/III/2023', '2024-01-02', 3461048, 380715, 3841763, 69221, 3772542, 'PAID', 3772542, '2024-01-31', 0, 0, '2024-09-19 08:07:34', '2024-09-19 08:07:34'),
(447, NULL, 'SI.2024.01.00211-IJE', NULL, 'SI.2024.01.00211', 'SO.2023.04.00026', '001/BAST/IJE-SINERGY/II/2023', '2024-01-02', 7000000, 770000, 7770000, 140000, 7630000, 'PAID', 7630000, '2024-02-03', 0, 0, '2024-09-19 08:07:34', '2024-09-19 08:07:34'),
(448, NULL, 'SI.2024.01.00212-IJE', NULL, 'SI.2024.01.00212', 'SO.2023.04.00025', '011/BAST/IJE-SINERGY/III/2023-UPGRADE', '2024-01-02', 17500000, 1925000, 19425000, 350000, 19075000, 'PAID', 19075000, '2024-07-12', 0, 0, '2024-09-19 08:07:34', '2024-09-19 08:07:34'),
(449, NULL, 'SI.2024.01.00213-IJE', NULL, 'SI.2024.01.00213', 'SO.2023.06.00048', '160/BAST/IJE-SINERGY/VII/2023', '2024-01-02', 3500000, 385000, 3885000, 70000, 3815000, 'PAID', 3815000, '2024-01-26', 0, 0, '2024-09-19 08:07:34', '2024-09-19 08:07:34'),
(450, NULL, 'SI.2024.01.00214-IJE', NULL, 'SI.2024.01.00214', 'SO.2023.11.00031', 'BAA', '2024-01-02', 21000000, 2310000, 23310000, 420000, 22890000, 'PAID', 22890000, '2024-01-19', 0, 0, '2024-09-19 08:07:34', '2024-09-19 08:07:34'),
(451, NULL, 'SI.2024.01.00215-IJE', NULL, 'SI.2024.01.00215', 'SO.2023.04.00141', '143/BAST/IJE-SINERGY/VI/2023', '2024-01-02', 3500000, 385000, 3885000, 70000, 3815000, 'PAID', 3815000, '2024-02-27', 0, 0, '2024-09-19 08:07:34', '2024-09-19 08:07:34'),
(452, NULL, 'SI.2024.01.00216-IJE', NULL, 'SI.2024.01.00216', 'SO.2023.11.00021', '219/BAST/IJE-SIAP/XI/2023', '2024-01-02', 7000000, 770000, 7770000, 140000, 7630000, 'PAID', 7630000, '2024-02-17', 0, 0, '2024-09-19 08:07:34', '2024-09-19 08:07:34'),
(453, NULL, 'SI.2024.01.00217-IJE', NULL, 'SI.2024.01.00217', 'SO.2023.11.00027', '282/BAST/IJE-SIAP/XII/2023', '2024-01-02', 10500000, 1155000, 11655000, 210000, 11445000, 'PAID', 11445000, '2024-01-19', 0, 0, '2024-09-19 08:07:34', '2024-09-19 08:07:34'),
(454, NULL, 'SI.2024.01.00218-IJE', NULL, 'SI.2024.01.00218', 'SO.2023.12.00014', '273/BAST/IJE-THC/XII/2023', '2024-01-02', 4000000, 440000, 4440000, 80000, 4360000, 'PAID', 4360000, '2024-03-16', 0, 0, '2024-09-19 08:07:34', '2024-09-19 08:07:34'),
(455, NULL, 'SI.2024.01.00235-IJE', NULL, 'SI.2024.01.00235', 'SO.2024.01.00046', '033/BAST/IJE-SIAP/I/2024', '2024-01-02', 2683333, 295167, 2978500, 53667, 2924833, 'UNPAID', 0, NULL, 0, 0, '2024-09-19 08:07:34', '2024-09-19 08:07:34'),
(456, NULL, 'SI.2024.01.00236-IJE', NULL, 'SI.2024.01.00236', 'SO.2023.04.00035', '012/BAST/IJE-SINERGY/III/2023-UPGRADE', '2024-01-02', 1866667, 205333, 2072000, 37333, 2034667, 'UNPAID', 0, NULL, 0, 0, '2024-09-19 08:07:34', '2024-09-19 08:07:34'),
(457, NULL, 'SI.2024.01.00239-IJE', NULL, 'SI.2024.01.00239', 'SO.2024.01.00020', '027/BAST/IJE-VIBERLINK/I/2024', '2024-01-11', 2800000, 308000, 3108000, 56000, 3052000, 'UNPAID', 0, NULL, 0, 0, '2024-09-19 08:07:34', '2024-09-19 08:07:34'),
(458, NULL, 'SI.2024.01.00240-IJE', NULL, 'SI.2024.01.00240', 'SO.2024.01.00044', '029/BAST/IJE-VIBERLINK/I/2024', '2024-01-11', 7700000, 847000, 8547000, 154000, 8393000, 'PAID', 8393000, '2024-03-08', 0, 0, '2024-09-19 08:07:34', '2024-09-19 08:07:34'),
(459, NULL, 'SI.2024.01.00241-IJE', NULL, 'SI.2024.01.00241', 'SO.2024.01.00028', '026/BAST/IJE-VIBERLINK/I/2024', '2024-01-11', 6400000, 704000, 7104000, 128000, 6976000, 'PAID', 6976000, '2024-03-08', 0, 0, '2024-09-19 08:07:34', '2024-09-19 08:07:34'),
(460, NULL, 'SI.2024.01.00242-IJE', NULL, 'SI.2024.01.00242', 'SO.2024.01.00026', '022/BAST/IJE-VIBERLINK/I/2024', '2024-01-11', 6400000, 704000, 7104000, 128000, 6976000, 'PAID', 6976000, '2024-03-08', 0, 0, '2024-09-19 08:07:34', '2024-09-19 08:07:34'),
(461, NULL, 'SI.2024.01.00243-IJE', NULL, 'SI.2024.01.00243', 'SO.2024.01.00024', '024/BAST/IJE-VIBERLINK/I/2024', '2024-01-11', 6400000, 704000, 7104000, 128000, 6976000, 'PAID', 6976000, '2024-03-08', 0, 0, '2024-09-19 08:07:34', '2024-09-19 08:07:34'),
(462, NULL, 'SI.2024.01.00244-IJE', NULL, 'SI.2024.01.00244', 'SO.2024.01.00022', '028/BAST/IJE-VIBERLINK/I/2024', '2024-01-11', 2800000, 308000, 3108000, 56000, 3052000, 'PAID', 3052000, '2024-03-08', 0, 0, '2024-09-19 08:07:34', '2024-09-19 08:07:34'),
(463, NULL, 'SI.2024.01.00245-IJE', NULL, 'SI.2024.01.00245', 'SO.2024.01.00020', '025/BAST/IJE-VIBERLINK/I/2024', '2024-01-11', 2800000, 308000, 3108000, 56000, 3052000, 'PAID', 3052000, '2024-03-08', 0, 0, '2024-09-19 08:07:34', '2024-09-19 08:07:34'),
(464, NULL, 'SI.2024.01.00246-IJE', NULL, 'SI.2024.01.00246', 'SO.2024.01.00021', '020/BAST/IJE-VIBERLINK/I/2024', '2024-01-11', 8400000, 924000, 9324000, 168000, 9156000, 'PAID', 9156000, '2024-03-01', 0, 0, '2024-09-19 08:07:34', '2024-09-19 08:07:34'),
(465, NULL, 'SI.2024.01.00247-IJE', NULL, 'SI.2024.01.00247', 'SO.2024.01.00023', '019/BAST/IJE-VIBERLINK/I/2024', '2024-01-11', 4200000, 462000, 4662000, 84000, 4578000, 'PAID', 4578000, '2024-03-08', 0, 0, '2024-09-19 08:07:34', '2024-09-19 08:07:34'),
(466, NULL, 'SI.2024.01.00248-IJE', NULL, 'SI.2024.01.00248', 'SO.2024.01.00025', '018/BAST/IJE-VIBERLINK/I/2024', '2024-01-11', 2800000, 308000, 3108000, 56000, 3052000, 'PAID', 3052000, '2024-03-01', 0, 0, '2024-09-19 08:07:34', '2024-09-19 08:07:34'),
(467, NULL, 'SI.2024.01.00249-IJE', NULL, 'SI.2024.01.00249', 'SO.2024.01.00031', '023/BAST/IJE-VIBERLINK/I/2024', '2024-01-11', 6400000, 704000, 7104000, 128000, 6976000, 'UNPAID', 0, NULL, 0, 0, '2024-09-19 08:07:34', '2024-09-19 08:07:34'),
(468, NULL, 'SI.2024.01.00250-IJE', NULL, 'SI.2024.01.00250', 'SO.2024.01.00030', '012/BAST/IJE-VIBERLINK/I/2024', '2024-01-11', 5600000, 616000, 6216000, 112000, 6104000, 'PAID', 6104000, '2024-03-01', 0, 0, '2024-09-19 08:07:34', '2024-09-19 08:07:34'),
(469, NULL, 'SI.2024.01.00251-IJE', NULL, 'SI.2024.01.00251', 'SO.2024.01.00032', '013/BAST/IJE-VIBERLINK/I/2024', '2024-01-11', 4200000, 462000, 4662000, 84000, 4578000, 'PAID', 4578000, '2024-03-01', 0, 0, '2024-09-19 08:07:34', '2024-09-19 08:07:34'),
(470, NULL, 'SI.2024.01.00252-IJE', NULL, 'SI.2024.01.00252', 'SO.2024.01.00034', '015/BAST/IJE-VIBERLINK/I/2024', '2024-01-11', 7000000, 770000, 7770000, 140000, 7630000, 'PAID', 7630000, '2024-02-20', 0, 0, '2024-09-19 08:07:34', '2024-09-19 08:07:34'),
(471, NULL, 'SI.2024.01.00253-IJE', NULL, 'SI.2024.01.00253', 'SO.2024.01.00035', '016/BAST/IJE-VIBERLINK/I/2024', '2024-01-11', 5600000, 616000, 6216000, 112000, 6104000, 'PAID', 6104000, '2024-02-20', 0, 0, '2024-09-19 08:07:34', '2024-09-19 08:07:34'),
(472, NULL, 'SI.2024.01.00254-IJE', NULL, 'SI.2024.01.00254', 'SO.2024.01.00036', '017/BAST/IJE-VIBERLINK/I/2024', '2024-01-11', 14000000, 1540000, 15540000, 280000, 15260000, 'PAID', 15260000, '2024-02-13', 0, 0, '2024-09-19 08:07:34', '2024-09-19 08:07:34'),
(473, NULL, 'SI.2024.01.00255-IJE', NULL, 'SI.2024.01.00255', 'SO.2024.01.00019', '021/BAST/IJE-VIBERLINK/I/2024', '2024-01-11', 4200000, 462000, 4662000, 84000, 4578000, 'PAID', 4578000, '2024-03-01', 0, 0, '2024-09-19 08:07:34', '2024-09-19 08:07:34'),
(474, NULL, 'SI.2024.01.00256-IJE', NULL, 'SI.2024.01.00256', 'SO.2024.01.00029', '011/BAST/IJE-VIBERLINK/I/2024', '2024-01-11', 1400000, 154000, 1554000, 28000, 1526000, 'PAID', 1526000, '2024-03-01', 0, 0, '2024-09-19 08:07:34', '2024-09-19 08:07:34'),
(475, NULL, 'SI.2024.01.00257-IJE', NULL, 'SI.2024.01.00257', 'SO.2024.01.00027', '010/BAST/IJE-VIBERLINK/I/2024', '2024-01-11', 12600000, 1386000, 13986000, 252000, 13734000, 'PAID', 13734000, '2024-03-01', 0, 0, '2024-09-19 08:07:34', '2024-09-19 08:07:34'),
(476, NULL, 'SI.2024.01.00258-IJE', NULL, 'SI.2024.01.00258', 'SO.2024.01.00037', '009/BAST/IJE-VIBERLINK/I/2024', '2024-01-11', 9800000, 1078000, 10878000, 196000, 10682000, 'PAID', 10682000, '2024-02-13', 0, 0, '2024-09-19 08:07:34', '2024-09-19 08:07:34'),
(477, NULL, 'SI.2024.01.00261-IJE', NULL, 'SI.2024.01.00261', 'SO.2024.01.00052', '007/BAST/IJE-JLA/I/2024', '2024-01-20', 8000000, 880000, 8880000, 160000, 8720000, 'PAID', 8880000, '2024-02-13', 160000, 0, '2024-09-19 08:07:34', '2024-09-19 08:07:34'),
(478, NULL, 'SI.2024.01.00262-IJE', NULL, 'SI.2024.01.00262', 'SO.2024.01.00033', '014/BAST/IJE-VIBERLINK/I/2024', '2024-01-11', 14000000, 1540000, 15540000, 280000, 15260000, 'PAID', 15260000, '2024-02-20', 0, 0, '2024-09-19 08:07:34', '2024-09-19 08:07:34'),
(479, NULL, 'SI.2024.01.00263-IJE', NULL, 'SI.2024.01.00263', 'SO.2023.12.00019', '008/BAST/IJE-GSE/I/2024', '2024-01-18', 5333333, 586667, 5920000, 106667, 5813333, 'PAID', 5813334, '2024-02-16', 1, 0, '2024-09-19 08:07:34', '2024-09-19 08:07:34'),
(480, NULL, 'SI.2024.01.00264-IJE', NULL, 'SI.2024.01.00264', 'SO.2024.01.00045', '030/BAST/IJE-PRIMAHOME/I/2024', '2024-01-19', 3500000, 385000, 3885000, 70000, 3815000, 'PAID', 3885000, '2024-02-01', 70000, 0, '2024-09-19 08:07:34', '2024-09-19 08:07:34'),
(481, NULL, 'SI.2024.01.00265-IJE', NULL, 'SI.2024.01.00265', 'SO.2024.01.00048', '032/BAST/IJE-TGG/I/2024', '2024-01-19', 4533333, 498667, 5032000, 90667, 4941333, 'PAID', 4941333, '2024-02-21', 0, 0, '2024-09-19 08:07:34', '2024-09-19 08:07:34'),
(482, NULL, 'SI.2024.01.00266-IJE', NULL, 'SI.2024.01.00266', 'SO.2024.01.00053', NULL, '2024-01-23', 277258333, 30498417, 307756750, 5545167, 302211583, 'UNPAID', 0, NULL, 0, 0, '2024-09-19 08:07:34', '2024-09-19 08:07:34'),
(483, NULL, 'SI.2024.01.00267-IJE', NULL, 'SI.2024.01.00267', 'SO.2024.01.00054', NULL, '2024-01-23', 357000000, 39270000, 396270000, 7140000, 389130000, 'UNPAID', 0, NULL, 0, 0, '2024-09-19 08:07:34', '2024-09-19 08:07:34'),
(484, NULL, 'SI.2024.01.00268-IJE', NULL, 'SI.2024.01.00268', 'SO.2024.01.00055', NULL, '2024-01-23', 121333333, 13346667, 134680000, 2426667, 132253333, 'UNPAID', 0, NULL, 0, 0, '2024-09-19 08:07:34', '2024-09-19 08:07:34'),
(485, NULL, 'SI.2024.01.00269-IJE', NULL, 'SI.2024.01.00269', 'SO.2024.01.00056', NULL, '2024-01-23', 95375000, 10491250, 105866250, 1907500, 103958750, 'UNPAID', 0, NULL, 0, 0, '2024-09-19 08:07:34', '2024-09-19 08:07:34'),
(486, NULL, 'SI.2024.01.00270-IJE', NULL, 'SI.2024.01.00270', 'SO.2024.01.00057', NULL, '2024-01-23', 287000000, 31570000, 318570000, 5740000, 312830000, 'UNPAID', 0, NULL, 0, 0, '2024-09-19 08:07:34', '2024-09-19 08:07:34'),
(487, NULL, 'SI.2024.01.00271-IJE', NULL, 'SI.2024.01.00271', 'SO.2024.01.00058', NULL, '2024-01-23', 1866667, 205333, 2072000, 37333, 2034667, 'UNPAID', 0, NULL, 0, 0, '2024-09-19 08:07:34', '2024-09-19 08:07:34'),
(488, NULL, 'SI.2024.01.00272-IJE', NULL, 'SI.2024.01.00272', 'SO.2024.01.00059', NULL, '2024-01-23', 10675000, 1174250, 11849250, 213500, 11635750, 'UNPAID', 0, NULL, 0, 0, '2024-09-19 08:07:34', '2024-09-19 08:07:34'),
(489, NULL, 'SI.2024.01.00273-IJE', NULL, 'SI.2024.01.00273', 'SO.2024.01.00060', NULL, '2024-01-23', 17500000, 1925000, 19425000, 350000, 19075000, 'UNPAID', 0, NULL, 0, 0, '2024-09-19 08:07:34', '2024-09-19 08:07:34'),
(490, NULL, 'SI.2024.01.00274-IJE', NULL, 'SI.2024.01.00274', 'SO.2024.01.00061', NULL, '2024-01-23', 7933333, 872667, 8806000, 158667, 8647333, 'UNPAID', 0, NULL, 0, 0, '2024-09-19 08:07:34', '2024-09-19 08:07:34'),
(491, NULL, 'SI.2024.01.00275-IJE', NULL, 'SI.2024.01.00275', 'SO.2024.01.00062', NULL, '2024-01-23', 41650000, 4581500, 46231500, 833000, 45398500, 'UNPAID', 0, NULL, 0, 0, '2024-09-19 08:07:34', '2024-09-19 08:07:34'),
(492, NULL, 'SI.2024.01.00276-IJE', NULL, 'SI.2024.01.00276', 'SO.2024.01.00063', NULL, '2024-01-23', 57225000, 6294750, 63519750, 1144500, 62375250, 'UNPAID', 0, NULL, 0, 0, '2024-09-19 08:07:34', '2024-09-19 08:07:34'),
(493, NULL, 'SI.2024.01.00277-IJE', NULL, 'SI.2024.01.00277', 'SO.2024.01.00064', NULL, '2024-01-23', 76066667, 8367333, 84434000, 1521333, 82912667, 'UNPAID', 0, NULL, 0, 0, '2024-09-19 08:07:34', '2024-09-19 08:07:34'),
(494, NULL, 'SI.2024.01.00278-IJE', NULL, 'SI.2024.01.00278', 'SO.2024.01.00065', NULL, '2024-01-23', 17966667, 1976333, 19943000, 359333, 19583667, 'UNPAID', 0, NULL, 0, 0, '2024-09-19 08:07:34', '2024-09-19 08:07:34'),
(495, NULL, 'SI.2024.01.00279-IJE', NULL, 'SI.2024.01.00279', 'SO.2024.01.00066', NULL, '2024-01-23', 159075000, 17498250, 176573250, 3181500, 173391750, 'UNPAID', 0, NULL, 0, 0, '2024-09-19 08:07:34', '2024-09-19 08:07:34'),
(496, NULL, 'SI.2024.01.00280-IJE', NULL, 'SI.2024.01.00280', 'SO.2024.01.00067', NULL, '2024-01-23', 31850000, 3503500, 35353500, 637000, 34716500, 'UNPAID', 0, NULL, 0, 0, '2024-09-19 08:07:34', '2024-09-19 08:07:34'),
(497, NULL, 'SI.2024.01.00281-IJE', NULL, 'SI.2024.01.00281', 'SO.2024.01.00038', '035/BAST/IJE-REGYNET/I/2024', '2024-01-02', 10000000, 1100000, 11100000, 200000, 10900000, 'PAID', 10900000, '2024-01-31', 0, 0, '2024-09-19 08:07:34', '2024-09-19 08:07:34'),
(498, NULL, 'SI.2024.01.00282-IJE', NULL, 'SI.2024.01.00282', 'SO.2024.01.00038', '035/BAST/IJE-REGYNET/I/2024', '2024-01-02', 10000000, 1100000, 11100000, 200000, 10900000, 'PAID', 10900000, '2024-01-31', 0, 0, '2024-09-19 08:07:34', '2024-09-19 08:07:34'),
(499, NULL, 'SI.2024.01.00283-IJE', NULL, 'SI.2024.01.00283', 'SO.2023.10.00035', 'BAA', '2024-01-25', 4385200, 482372, 4867572, 87704, 4779868, 'PAID', 4779868, '2024-05-30', 0, 0, '2024-09-19 08:07:34', '2024-09-19 08:07:34'),
(500, NULL, 'SI.2024.01.00259-IJE', NULL, 'SI.2024.01.00259', 'SO.2024.01.00051', '-', '2024-01-20', 21, 2, 23, 0, 23, 'PAID', 23, '2024-07-25', 0, 0, '2024-09-19 08:07:34', '2024-09-19 08:07:34'),
(501, NULL, 'SI.2024.01.00260-IJE', NULL, 'SI.2024.01.00260', 'SO.2024.01.00050', '-', '2024-01-20', 14865, 1635, 16500, 297, 16203, 'PAID', 16500, '2024-07-25', 297, 0, '2024-09-19 08:07:34', '2024-09-19 08:07:34');

--
-- Triggers `invoices`
--
DELIMITER $$
CREATE TRIGGER `logs_history` AFTER UPDATE ON `invoices` FOR EACH ROW BEGIN
   INSERT INTO invoices_logs VALUES(OLD.status_1, OLD.nomor_invoice, OLD.status_2, OLD.inv_no, OLD.so_no, OLD.mo_bast, OLD.inv_date, OLD.inv_amount_dpp, OLD.ppn_11, OLD.total_inv, OLD.pph_2, OLD.receive, OLD.paid_unpaid, OLD.total_payment, OLD.payment_date, OLD.total_lebih_bayar, OLD.total_kurang_bayar, OLD.created_at, OLD.updated_at);
END
$$
DELIMITER ;

-- --------------------------------------------------------

--
-- Table structure for table `invoices_logs`
--

CREATE TABLE `invoices_logs` (
  `status_1` varchar(255) DEFAULT NULL,
  `nomor_invoice` varchar(255) DEFAULT NULL,
  `status_2` varchar(255) DEFAULT NULL,
  `inv_no` varchar(255) DEFAULT NULL,
  `so_no` varchar(255) DEFAULT NULL,
  `mo_bast` varchar(255) DEFAULT NULL,
  `inv_date` date DEFAULT NULL,
  `inv_amount_dpp` bigint(20) DEFAULT NULL,
  `ppn_11` bigint(20) DEFAULT NULL,
  `total_inv` bigint(20) DEFAULT NULL,
  `pph_2` bigint(20) DEFAULT NULL,
  `receive` bigint(20) DEFAULT NULL,
  `paid_unpaid` enum('PAID','UNPAID','KURANG BAYAR') DEFAULT NULL,
  `total_payment` bigint(20) DEFAULT NULL,
  `payment_date` date DEFAULT NULL,
  `total_lebih_bayar` bigint(20) DEFAULT NULL,
  `total_kurang_bayar` bigint(20) DEFAULT NULL,
  `created_at` timestamp NOT NULL DEFAULT current_timestamp(),
  `updated_at` timestamp NOT NULL DEFAULT current_timestamp() ON UPDATE current_timestamp()
) ENGINE=InnoDB DEFAULT CHARSET=utf8mb4 COLLATE=utf8mb4_general_ci;

--
-- Dumping data for table `invoices_logs`
--

INSERT INTO `invoices_logs` (`status_1`, `nomor_invoice`, `status_2`, `inv_no`, `so_no`, `mo_bast`, `inv_date`, `inv_amount_dpp`, `ppn_11`, `total_inv`, `pph_2`, `receive`, `paid_unpaid`, `total_payment`, `payment_date`, `total_lebih_bayar`, `total_kurang_bayar`, `created_at`, `updated_at`) VALUES
(NULL, 'SI.2024.03.00028-IJE', NULL, 'SI.2024.03.00028', 'SO.2024.01.00070', '103/BAST/IJE-PHATRIA/III/2023', '2024-03-02', 5000000, 550000, 5550000, 100000, 5450000, 'UNPAID', 0, NULL, 0, 0, '2024-09-19 08:07:34', '2024-09-19 08:07:34');

-- --------------------------------------------------------

--
-- Table structure for table `invoices_services`
--

CREATE TABLE `invoices_services` (
  `id` bigint(20) NOT NULL,
  `id_services_period` bigint(20) NOT NULL,
  `id_invoices` int(11) NOT NULL
) ENGINE=InnoDB DEFAULT CHARSET=utf8mb4 COLLATE=utf8mb4_general_ci;

--
-- Dumping data for table `invoices_services`
--

INSERT INTO `invoices_services` (`id`, `id_services_period`, `id_invoices`) VALUES
(1, 1, 1),
(2, 2, 2),
(3, 3, 3),
(4, 4, 4),
(5, 5, 5),
(6, 6, 6),
(7, 7, 7),
(8, 8, 8),
(9, 9, 9),
(10, 10, 10),
(11, 11, 11),
(12, 12, 12),
(13, 13, 13),
(14, 14, 14),
(15, 15, 15),
(16, 16, 16),
(17, 17, 17),
(18, 18, 18),
(19, 19, 19),
(20, 20, 20),
(21, 21, 21),
(22, 22, 22),
(23, 23, 23),
(24, 24, 24),
(25, 25, 25),
(26, 26, 26),
(27, 27, 27),
(28, 28, 28),
(29, 29, 29),
(30, 30, 30),
(31, 31, 31),
(32, 32, 32),
(33, 33, 33),
(34, 34, 34),
(35, 35, 35),
(36, 36, 36),
(37, 37, 37),
(38, 38, 38),
(39, 39, 39),
(40, 40, 40),
(41, 41, 41),
(42, 42, 42),
(43, 43, 43),
(44, 44, 44),
(45, 45, 45),
(46, 46, 46),
(47, 47, 47),
(48, 48, 48),
(49, 49, 49),
(50, 50, 50),
(51, 51, 51),
(52, 52, 52),
(53, 53, 53),
(54, 54, 54),
(55, 55, 55),
(56, 56, 56),
(57, 57, 57),
(58, 58, 58),
(59, 59, 59),
(60, 60, 60),
(61, 61, 61),
(62, 62, 62),
(63, 63, 63),
(64, 64, 64),
(65, 65, 65),
(66, 66, 66),
(67, 67, 67),
(68, 68, 68),
(69, 69, 69),
(70, 70, 70),
(71, 71, 71),
(72, 72, 72),
(73, 73, 73),
(74, 74, 74),
(75, 75, 75),
(76, 76, 76),
(77, 77, 77),
(78, 78, 78),
(79, 79, 79),
(80, 80, 80),
(81, 81, 81),
(82, 82, 82),
(83, 83, 83),
(84, 84, 84),
(85, 85, 85),
(86, 86, 86),
(87, 87, 87),
(88, 88, 88),
(89, 89, 89),
(90, 90, 90),
(91, 91, 91),
(92, 92, 92),
(93, 93, 93),
(94, 94, 94),
(95, 95, 95),
(96, 96, 96),
(97, 97, 97),
(98, 98, 98),
(99, 99, 99),
(100, 100, 100),
(101, 101, 101),
(102, 102, 102),
(103, 103, 103),
(104, 104, 104),
(105, 105, 105),
(106, 106, 106),
(107, 107, 107),
(108, 108, 108),
(109, 109, 109),
(110, 110, 110),
(111, 111, 111),
(112, 112, 112),
(113, 113, 113),
(114, 114, 114),
(115, 115, 115),
(116, 116, 116),
(117, 117, 117),
(118, 118, 118),
(119, 119, 119),
(120, 120, 120),
(121, 121, 121),
(122, 122, 122),
(123, 123, 123),
(124, 124, 124),
(125, 125, 125),
(126, 126, 126),
(127, 127, 127),
(128, 128, 128),
(129, 129, 129),
(130, 130, 130),
(131, 131, 131),
(132, 132, 132),
(133, 133, 133),
(134, 134, 134),
(135, 135, 135),
(136, 136, 136),
(137, 137, 137),
(138, 138, 138),
(139, 139, 139),
(140, 140, 140),
(141, 141, 141),
(142, 142, 142),
(143, 143, 143),
(144, 144, 144),
(145, 145, 145),
(146, 146, 146),
(147, 147, 147),
(148, 148, 148),
(149, 149, 149),
(150, 150, 150),
(151, 151, 151),
(152, 152, 152),
(153, 153, 153),
(154, 154, 154),
(155, 155, 155),
(156, 156, 156),
(157, 157, 157),
(158, 158, 158),
(159, 159, 159),
(160, 160, 160),
(161, 161, 161),
(162, 162, 162),
(163, 163, 163),
(164, 164, 164),
(165, 165, 165),
(166, 166, 166),
(167, 167, 167),
(168, 168, 168),
(169, 169, 169),
(170, 170, 170),
(171, 171, 171),
(172, 172, 172),
(173, 173, 173),
(174, 174, 174),
(175, 175, 175),
(176, 176, 176),
(177, 177, 177),
(178, 178, 178),
(179, 179, 179),
(180, 180, 180),
(181, 181, 181),
(182, 182, 182),
(183, 183, 183),
(184, 184, 184),
(185, 185, 185),
(186, 186, 186),
(187, 187, 187),
(188, 188, 188),
(189, 189, 189),
(190, 190, 190),
(191, 191, 191),
(192, 192, 192),
(193, 193, 193),
(194, 194, 194),
(195, 195, 195),
(196, 196, 196),
(197, 197, 197),
(198, 198, 198),
(199, 199, 199),
(200, 200, 200),
(201, 201, 201),
(202, 202, 202),
(203, 203, 203),
(204, 204, 204),
(205, 205, 205),
(206, 206, 206),
(207, 207, 207),
(208, 208, 208),
(209, 209, 209),
(210, 210, 210),
(211, 211, 211),
(212, 212, 212),
(213, 213, 213),
(214, 214, 214),
(215, 215, 215),
(216, 216, 216),
(217, 217, 217),
(218, 218, 218),
(219, 219, 219),
(220, 220, 220),
(221, 221, 221),
(222, 222, 222),
(223, 223, 223),
(224, 224, 224),
(225, 225, 225),
(226, 226, 226),
(227, 227, 227),
(228, 228, 228),
(229, 229, 229),
(230, 230, 230),
(231, 231, 231),
(232, 232, 232),
(233, 233, 233),
(234, 234, 234),
(235, 235, 235),
(236, 236, 236),
(237, 237, 237),
(238, 238, 238),
(239, 239, 239),
(240, 240, 240),
(241, 241, 241),
(242, 242, 242),
(243, 243, 243),
(244, 244, 244),
(245, 245, 245),
(246, 246, 246),
(247, 247, 247),
(248, 248, 248),
(249, 249, 249),
(250, 250, 250),
(251, 251, 251),
(252, 252, 252),
(253, 253, 253),
(254, 254, 254),
(255, 255, 255),
(256, 256, 256),
(257, 257, 257),
(258, 258, 258),
(259, 259, 259),
(260, 260, 260),
(261, 261, 261),
(262, 262, 262),
(263, 263, 263),
(264, 264, 264),
(265, 265, 265),
(266, 266, 266),
(267, 267, 267),
(268, 268, 268),
(269, 269, 269),
(270, 270, 270),
(271, 271, 271),
(272, 272, 272),
(273, 273, 273),
(274, 274, 274),
(275, 275, 275),
(276, 276, 276),
(277, 277, 277),
(278, 278, 278),
(279, 279, 279),
(280, 280, 280),
(281, 281, 281),
(282, 282, 282),
(283, 283, 283),
(284, 284, 284),
(285, 285, 285),
(286, 286, 286),
(287, 287, 287),
(288, 288, 288),
(289, 289, 289),
(290, 290, 290),
(291, 291, 291),
(292, 292, 292),
(293, 293, 293),
(294, 294, 294),
(295, 295, 295),
(296, 296, 296),
(297, 297, 297),
(298, 298, 298),
(299, 299, 299),
(300, 300, 300),
(301, 301, 301),
(302, 302, 302),
(303, 303, 303),
(304, 304, 304),
(305, 305, 305),
(306, 306, 306),
(307, 307, 307),
(308, 308, 308),
(309, 309, 309),
(310, 310, 310),
(311, 311, 311),
(312, 312, 312),
(313, 313, 313),
(314, 314, 314),
(315, 315, 315),
(316, 316, 316),
(317, 317, 317),
(318, 318, 318),
(319, 319, 319),
(320, 320, 320),
(321, 321, 321),
(322, 322, 322),
(323, 323, 323),
(324, 324, 324),
(325, 325, 325),
(326, 326, 326),
(327, 327, 327),
(328, 328, 328),
(329, 329, 329),
(330, 330, 330),
(331, 331, 331),
(332, 332, 332),
(333, 333, 333),
(334, 334, 334),
(335, 335, 335),
(336, 336, 336),
(337, 337, 337),
(338, 338, 338),
(339, 339, 339),
(340, 340, 340),
(341, 341, 341),
(342, 342, 342),
(343, 343, 343),
(344, 344, 344),
(345, 345, 345),
(346, 346, 346),
(347, 347, 347),
(348, 348, 348),
(349, 349, 349),
(350, 350, 350),
(351, 351, 351),
(352, 352, 352),
(353, 353, 353),
(354, 354, 354),
(355, 355, 355),
(356, 356, 356),
(357, 357, 357),
(358, 358, 358),
(359, 359, 359),
(360, 360, 360),
(361, 361, 361),
(362, 362, 362),
(363, 363, 363),
(364, 364, 364),
(365, 365, 365),
(366, 366, 366),
(367, 367, 367),
(368, 368, 368),
(369, 369, 369),
(370, 370, 370),
(371, 371, 371),
(372, 372, 372),
(373, 373, 373),
(374, 374, 374),
(375, 375, 375),
(376, 376, 376),
(377, 377, 377),
(378, 378, 378),
(379, 379, 379),
(380, 380, 380),
(381, 381, 381),
(382, 382, 382),
(383, 383, 383),
(384, 384, 384),
(385, 385, 385),
(386, 386, 386),
(387, 387, 387),
(388, 388, 388),
(389, 389, 389),
(390, 390, 390),
(391, 391, 391),
(392, 392, 392),
(393, 393, 393),
(394, 394, 394),
(395, 395, 395),
(396, 396, 396),
(397, 397, 397),
(398, 398, 398),
(399, 399, 399),
(400, 400, 400),
(401, 401, 401),
(402, 402, 402),
(403, 403, 403),
(404, 404, 404),
(405, 405, 405),
(406, 406, 406),
(407, 407, 407),
(408, 408, 408),
(409, 409, 409),
(410, 410, 410),
(411, 411, 411),
(412, 412, 412),
(413, 413, 413),
(414, 414, 414),
(415, 415, 415),
(416, 416, 416),
(417, 417, 417),
(418, 418, 418),
(419, 419, 419),
(420, 420, 420),
(421, 421, 421),
(422, 422, 422),
(423, 423, 423),
(424, 424, 424),
(425, 425, 425),
(426, 426, 426),
(427, 427, 427),
(428, 428, 428),
(429, 429, 429),
(430, 430, 430),
(431, 431, 431),
(432, 432, 432),
(433, 433, 433),
(434, 434, 434),
(435, 435, 435),
(436, 436, 436),
(437, 437, 437),
(438, 438, 438),
(439, 439, 439),
(440, 440, 440),
(441, 441, 441),
(442, 442, 442),
(443, 443, 443),
(444, 444, 444),
(445, 445, 445),
(446, 446, 446),
(447, 447, 447),
(448, 448, 448),
(449, 449, 449),
(450, 450, 450),
(451, 451, 451),
(452, 452, 452),
(453, 453, 453),
(454, 454, 454),
(455, 455, 455),
(456, 456, 456),
(457, 457, 457),
(458, 458, 458),
(459, 459, 459),
(460, 460, 460),
(461, 461, 461),
(462, 462, 462),
(463, 463, 463),
(464, 464, 464),
(465, 465, 465),
(466, 466, 466),
(467, 467, 467),
(468, 468, 468),
(469, 469, 469),
(470, 470, 470),
(471, 471, 471),
(472, 472, 472),
(473, 473, 473),
(474, 474, 474),
(475, 475, 475),
(476, 476, 476),
(477, 477, 477),
(478, 478, 478),
(479, 479, 479),
(480, 480, 480),
(481, 481, 481),
(482, 482, 482),
(483, 483, 483),
(484, 484, 484),
(485, 485, 485),
(486, 486, 486),
(487, 487, 487),
(488, 488, 488),
(489, 489, 489),
(490, 490, 490),
(491, 491, 491),
(492, 492, 492),
(493, 493, 493),
(494, 494, 494),
(495, 495, 495),
(496, 496, 496),
(497, 497, 497),
(498, 498, 498),
(499, 499, 499),
(500, 500, 500),
(501, 501, 501);

-- --------------------------------------------------------

--
-- Table structure for table `product`
--

CREATE TABLE `product` (
  `id` bigint(20) NOT NULL,
  `nama` varchar(255) NOT NULL,
  `deskripsi` longtext DEFAULT NULL,
  `harga` bigint(20) DEFAULT NULL,
  `id_variant` bigint(20) NOT NULL,
  `status` enum('active','inactive') NOT NULL DEFAULT 'active'
) ENGINE=InnoDB DEFAULT CHARSET=utf8mb4 COLLATE=utf8mb4_general_ci;

-- --------------------------------------------------------

--
-- Table structure for table `roles`
--

CREATE TABLE `roles` (
  `id` bigint(20) NOT NULL,
  `role` varchar(255) NOT NULL,
  `status` enum('active','inactive') NOT NULL DEFAULT 'active'
) ENGINE=InnoDB DEFAULT CHARSET=utf8mb4 COLLATE=utf8mb4_general_ci;

--
-- Dumping data for table `roles`
--

INSERT INTO `roles` (`id`, `role`, `status`) VALUES
(1, 'admin', 'active'),
(2, 'company', 'active'),
(3, 'finance', 'active'),
(4, 'AM', 'active');

-- --------------------------------------------------------

--
-- Table structure for table `services`
--

CREATE TABLE `services` (
  `id` bigint(20) NOT NULL,
  `nama` varchar(255) NOT NULL,
  `deskripsi` longtext NOT NULL
) ENGINE=InnoDB DEFAULT CHARSET=utf8mb4 COLLATE=utf8mb4_general_ci;

--
-- Dumping data for table `services`
--

INSERT INTO `services` (`id`, `nama`, `deskripsi`) VALUES
(1, 'COLOCATION [SERPONG]', ''),
(2, 'DARK FIBER [RANGKAS BITUNG]', ''),
(3, 'LEASED LINE [PLERED]', ''),
(4, 'LEASED LINE [KRANJI]', ''),
(5, 'LEASED LINE [SADANG]', ''),
(6, 'LEASED LINE [CIKAMPEK]', ''),
(7, 'LEASED CORE [BOJONG GEDE]', ''),
(8, 'LEASED CORE [BOJONG GEDE 2]', ''),
(9, 'LEASED LINE [LEMAH ABANG]', ''),
(10, 'LEASED LINE [BBU BANDUNG]', ''),
(11, 'DARK FIBER [KAWARANG]', ''),
(12, 'LEASED LINE [LEMAH ABANG NEW LINK]', ''),
(13, 'LEASED LINE [TAMBUN]', ''),
(14, 'LEASED LINE [PURWAKARTA]', ''),
(15, 'LEASED LINE [BATU TULIS]', ''),
(16, 'LEASED LINE [KARAWANG]', ''),
(17, 'LEASED LINE [DEPOK LAMA]', ''),
(18, 'LEASED LINE [CIKARANG]', ''),
(19, 'LEASED LINE [CIANJUR]', ''),
(20, 'LEASED LINE [CILEBUT]', ''),
(21, 'LEASED LINE [CIBUNGUR]', ''),
(22, 'LEASED LINE [BOJONG GEDE]', ''),
(23, 'CAPOENG LEASED LINE [OMAHDATA SURABAYA]', ''),
(24, 'CLEAR CHANNEL [KARAWANG]', ''),
(25, 'DARK FIBER [PADALARANG]', ''),
(26, 'LEASED CORE CROSSCONNECT [PADALARANG]', ''),
(27, 'LEASED CORE [PURWAKARTA]', ''),
(28, 'DARK FIBER [SUKABUMI]', ''),
(29, 'COLOCATION [CIKAMPEK]', ''),
(30, 'LEASED LINE [SUKABUMI KOTA]', ''),
(31, 'COLOCATION [PURWAKARTA]', ''),
(32, 'COLOCATION [SUKABUMI KOTA]', ''),
(33, 'LEASED LINE [KARET]', ''),
(34, 'COLOCATION [PADALARANG]', ''),
(35, 'COLOCATION [KARAWANG]', ''),
(36, 'COLOCATION [BOGOR]', ''),
(37, 'MYREPUBLIC LEASED LINE [BBU BANDUNG]', ''),
(38, 'LEASED LINE [TANJUNG BARAT]', ''),
(39, 'DARK FIBER [BBU BANDUNG]', ''),
(40, 'LEASED LINE [CITAYAM] LINK 2', ''),
(41, 'LEASED LINE [BOJONG GEDE] LINK 2', ''),
(42, 'DARK FIBER [UNIVERSITAS INDONESIA]', ''),
(43, 'DARK FIBER [KARET]', ''),
(44, 'LEASED LINE [BOGOR]', ''),
(45, 'DARK FIBER [DEPOK BARU]', ''),
(46, 'LEASED LINE [PADALARANG]', ''),
(47, 'LEASED LINE [CIKAMPEK KOTA BARU]', ''),
(48, 'LEASED LINE [CIKAMPEK PUSKESMAS]', ''),
(49, 'DARK FIBER [SERPONG]', ''),
(50, 'LEASED CORE [IDC 3]', ''),
(51, 'LEASED LINE [TIGARAKSA]', ''),
(52, 'LEASED LINE [OMAHDATA SURABAYA]', ''),
(53, 'LEASED LINE [PONDOK RAJEG]', ''),
(54, 'LEASED LINE [CITAYAM]', ''),
(55, 'LEASED LINE [PALEDANG]', ''),
(56, 'LEASED LINE [CIGOMBONG]', ''),
(57, 'MPLS [BBU BANDUNG]', ''),
(58, 'LEASED CORE [PASAR MINGGU]', ''),
(59, 'LEASED CORE [PALEDANG]', ''),
(60, 'LEASED CORE [CIBADAK]', ''),
(61, 'DARK FIBER [JAYAKARTA]', ''),
(62, 'LEASED LINE [WISMA BUMIPUTERA]', ''),
(63, 'DARK FIBER [DURI - TANAH ABANG]', ''),
(64, 'DARK FIBER [MNC DC - JAKARTA KOTA]', ''),
(65, 'DARK FIBER [KARET - MANGGARAI]', ''),
(66, 'DARK FIBER [IDC D3 - MANGGARAI PAIR 2]', ''),
(67, 'DARK FIBER [KARET - TANAH ABANG]', ''),
(68, 'DARK FIBER [JAKARTA KOTA - DURI]', ''),
(69, 'DARK FIBER [TAMBUN]', ''),
(70, 'LEASED LINE [APJII BANDUNG]', ''),
(71, 'DARK FIBER [IDC D3 - MANGGARAI PAIR 1]', ''),
(72, 'DARK FIBER [DUREN KALIBATA - BOGOR]', ''),
(73, 'DARK FIBER [MANGGARAI - MNC DC]', ''),
(74, 'COLOCATION [MANGGARAI]', ''),
(75, 'COLOCATION [SUKABUMI]', ''),
(76, 'COLOCATION [BANDUNG]', ''),
(77, 'COLOCATION [CIANJUR]', ''),
(78, 'DARK FIBER [BOGOR - SUKABUMI]', ''),
(79, 'DARK FIBER [SUKABUMI - CIANJUR]', ''),
(80, 'DARK FIIBER [CIANJUR - PADALARANG]', ''),
(81, 'DARK FIIBER [PURWAKARTA - PADALARANG]', ''),
(82, 'DARK FIIBER [PADALARANG - BANDUNG]', ''),
(83, 'DARK FIIBER [KARAWANG - CIKAMPEK]', ''),
(84, 'DARK FIIBER [CIKAMPEK - PURWAKARTA]', ''),
(85, 'DARK FIBER [MANGGARAI - TAMBUN]', ''),
(86, 'DARK FIBER [TAMBUN - KARAWANG]', ''),
(87, 'DARK FIBER [BANDUNG - BBU BANDUNG PAIR 2]', ''),
(88, 'DARK FIBER [BANDUNG - BBU BANDUNG PAIR 1]', ''),
(89, 'LEASED LINE [KALIDERES]', ''),
(90, 'LEASED CORE [KOSAMBI]', ''),
(91, 'LEASED LINE [PRINGKASAP]', ''),
(92, 'LEASED CORE [BOGOR]', ''),
(93, 'DARK FIBER [BATU TULIS]', ''),
(94, 'DARK FIBER [PORIS]', ''),
(95, 'DARK FIBER [MANGGARAI]', ''),
(96, 'LEASED CORE [BUARAN]', ''),
(97, 'DARK FIBER [PONDOK RANJI]', ''),
(98, 'DARK FIBER [BOGOR - CICURUG]', ''),
(99, 'DARK FIBER [CICURUG - SUKABUMI]', ''),
(100, 'DARK FIBER [CIANJUR - PADALARANG]', ''),
(101, 'DARK FIBER [PADALARANG - BANDUNG]', ''),
(102, 'DARK FIBER [BANDUNG - BBU BANDUNG]', ''),
(103, 'NTT DARK FIBER [JKT3 CIBITUNG]', ''),
(104, 'LEASED LINE [CIBITUNG]', ''),
(105, 'LEASED LINE [PARUNG KUDA]', ''),
(106, 'LEASED LINE [CIBADAK]', ''),
(107, 'LEASED LINE [SUKABUMI]', ''),
(108, 'DARK FIBER [GROGOL]', ''),
(109, 'LEASED LINE [DC BBU BANDUNG]', ''),
(110, 'DARK FIBER [IDC D3]', ''),
(111, 'LEASED LINE [CICURUG]', ''),
(112, 'BERSAMA LEASED CORE [CILEBUT]', ''),
(113, 'SIBER TECH COLOCATION [SEPONG]', ''),
(114, 'SIBER TECH DARK FIBER [RANGKAS BITUNG]', ''),
(115, 'LEASED LINE [RAWA BUAYA]', ''),
(116, 'DARK FIBER [LEMAH ABANG]', ''),
(117, 'LEASED CORE [DEPOK LAMA]', ''),
(118, 'PFI NALA AKSES NUSANTARA LEASED LINE [CIKAMPEK]', ''),
(119, 'PFI NALA AKSES NUSANTARA LEASED LINE [CIBUNGUR]', ''),
(120, 'PFI NALA AKSES NUSANTARA LEASED LINE [KEDUNG GEDEH]', ''),
(121, 'PFI GAPURA ERA DIGITAL LEASED LINE [KARAWANG]', ''),
(122, 'PFI ANDROMEGA DATA NUSANTARA LEASED LINE [CITAYAM]', ''),
(123, 'LEASED LINE [DEPOK BARU]', ''),
(124, 'TDP LEASED LINE [SUKABUMI]', ''),
(125, 'COLOCATION [APT BASSURA]', ''),
(126, 'COLOCATION [PURWOREJO]', ''),
(127, 'DARK FIBER [APJII RACK L1]', ''),
(128, 'COLOCATION [CIKARANG]', ''),
(129, 'LEASED LINE [MATRAMAN]', ''),
(130, 'LEASED LINE [CIBINONG]', ''),
(131, 'LEASED LINE [LENTENG AGUNG]', ''),
(132, 'LEASED LINE [TELAGA MURNI]', ''),
(133, 'LEASED LINE [TANAH TINGGI]', ''),
(134, 'LEASED LINE [BASSURA]', ''),
(135, 'LEASED LINE [PURWOREJO]', ''),
(136, 'LEASED CORE [CITAYAM]', ''),
(137, 'JEMBATAN DATA PANGARANGO BBU BANDUNG', ''),
(138, 'NITNET MEDIA TEKNOLOGI SUKABUMI', ''),
(139, 'JEMBATAN DATA PANGARANGO CICURUG', ''),
(140, 'METRO RING BERSAMA CICURUG', ''),
(141, 'CYBERPLUS MEDIA PRATAMA KARAWANG', ''),
(142, 'SMART TEKNOLOGI UTAMA APJII BANDUNG', ''),
(143, 'ALFA OMEGA INTERKONEKSI KOSAMBI', ''),
(144, 'VIRIYA SURYA ABADI SUKABUMI KOTA', ''),
(145, 'INET GLOBAL INDO OMADATA SURABAYA', ''),
(146, 'GLOBAL MEDIA DATA PRIMA BBU BANDUNG', ''),
(147, 'ALFA OMEGA INTERKONEKSI [PLERED]', ''),
(148, 'TANGARA MITRAKOM LEASED LINE [BNI KOTA]', ''),
(149, 'SINERGI INNOVATE PRATAMA LEASED LINE [KEDUNG GEDEH]', ''),
(150, 'DATA PRIMA SOLUSINDO LEASED LINE [TANGERANG]', ''),
(151, 'PANGKALAN LINTAS DATA LEASED LINE [DAWUAN]', ''),
(152, 'INTERNET KELUARGA INDONESIA LEASED LINE [BBU BANDUNG]', ''),
(153, 'SINERGI INTI ANDALAN PRIMA COLOCATION BBU BANDUNG', ''),
(154, 'PROXI JARINGAN NUSANTARA CICURUG', ''),
(155, 'GARUDA MEDIA TELEMATIKA CIBITUNG', ''),
(156, 'JEMBATAN DATA PANGARANGO SUKABUMI KOTA', ''),
(157, 'SINERGI INTI ANDALAN PRIMA BBU BANDUNG', ''),
(158, 'JANGKAU LINTAS NUSANTARA KOTA TANGERANG', ''),
(159, 'JAVA DIGITAL NUSANTARA CIANJUR', ''),
(160, 'JAVA DIGITAL NUSANTARA CIBINONG', ''),
(161, 'PROXI JARINGAN NUSANTARA SUKABUMI', ''),
(162, 'SINERGI INTI ANDALAN PRIMA [OMADATA SURABAYA]', ''),
(163, 'INDONESIA NET TEKNOLOGI TIGARAKSA', ''),
(164, 'COVER NETWORK INDONESIA CIGOMBONG', ''),
(165, 'AKSES BERSAMA SEDAYA SUKABUMI', ''),
(166, 'LINTAS SATU VISI BBU BANDUNG', ''),
(167, 'LEASED LINE BOD [BOGOR]', ''),
(168, 'NETLAND LEASED CORE [IDC D3]', ''),
(169, 'LEASED CORE [BUARAN - CIKARANG]', ''),
(170, 'LEASED CORE [CIKARANG - KARAWANG]', ''),
(171, 'LEASED CORE [KARAWANG - KLARI]', ''),
(172, 'NTT DARK FIBER [KIIC 1ST ROUTE]', ''),
(173, 'NTT LEASED LINE [BANDUNG]', ''),
(174, 'NTT LEASED LINE [YOGYAKARTA]', ''),
(175, 'NTT LEASED LINE [OMAHDATA SURABAYA]', ''),
(176, 'LEASED CORE [PADALARANG]', ''),
(177, 'PFI PALU PASUNDAN MEDIA NET LEASED LINE [BOGOR]', ''),
(178, 'LEASED LINE [CIKAMPEK NEW HH]', ''),
(179, 'LEASED LINE [BOJONG]', ''),
(180, 'OPERATION & MAINTENANCE FEE 2024', ''),
(181, 'DARK FIBER COLOCATION [SERPONG]', ''),
(182, 'LEASED LINE [KLARI]', ''),
(183, 'LEASED LINE [PORIS]', ''),
(184, 'INET GLOBAL INDO BBU BANDUNG', ''),
(185, 'LINTAS SATU VISI BEKASI', ''),
(186, 'LEASED LINE [SERPONG]', ''),
(187, 'HUAWERI CDN NOVEMBER 2023', ''),
(188, 'HUAWERI CDN DESEMBER 2023', '');

-- --------------------------------------------------------

--
-- Table structure for table `services_company`
--

CREATE TABLE `services_company` (
  `id` bigint(20) NOT NULL,
  `id_company` bigint(20) NOT NULL,
  `id_services` bigint(20) NOT NULL,
  `status` enum('active','inactive') NOT NULL DEFAULT 'active'
) ENGINE=InnoDB DEFAULT CHARSET=utf8mb4 COLLATE=utf8mb4_general_ci;

--
-- Dumping data for table `services_company`
--

INSERT INTO `services_company` (`id`, `id_company`, `id_services`, `status`) VALUES
(1, 1, 1, 'active'),
(2, 1, 2, 'active'),
(3, 2, 3, 'active'),
(4, 2, 4, 'active'),
(5, 2, 5, 'active'),
(6, 2, 6, 'active'),
(7, 3, 7, 'active'),
(8, 3, 8, 'active'),
(9, 4, 9, 'active'),
(10, 4, 6, 'active'),
(11, 5, 10, 'active'),
(12, 6, 11, 'active'),
(13, 7, 12, 'active'),
(14, 7, 13, 'active'),
(15, 7, 14, 'active'),
(16, 7, 15, 'active'),
(17, 7, 16, 'active'),
(18, 7, 17, 'active'),
(19, 7, 9, 'active'),
(20, 7, 18, 'active'),
(21, 7, 19, 'active'),
(22, 7, 6, 'active'),
(23, 7, 20, 'active'),
(24, 7, 5, 'active'),
(25, 7, 21, 'active'),
(26, 7, 22, 'active'),
(27, 8, 23, 'active'),
(28, 9, 24, 'active'),
(29, 10, 25, 'active'),
(30, 11, 26, 'active'),
(31, 11, 27, 'active'),
(32, 11, 28, 'active'),
(33, 11, 29, 'active'),
(34, 11, 16, 'active'),
(35, 11, 14, 'active'),
(36, 11, 30, 'active'),
(37, 11, 31, 'active'),
(38, 11, 32, 'active'),
(39, 11, 33, 'active'),
(40, 11, 34, 'active'),
(41, 11, 35, 'active'),
(42, 11, 36, 'active'),
(43, 12, 37, 'active'),
(44, 11, 38, 'active'),
(45, 11, 6, 'active'),
(46, 11, 39, 'active'),
(47, 13, 40, 'active'),
(48, 13, 41, 'active'),
(49, 13, 42, 'active'),
(50, 13, 43, 'active'),
(51, 13, 44, 'active'),
(52, 13, 45, 'active'),
(53, 14, 46, 'active'),
(54, 15, 21, 'active'),
(55, 15, 47, 'active'),
(56, 15, 3, 'active'),
(57, 15, 48, 'active'),
(58, 15, 9, 'active'),
(59, 15, 6, 'active'),
(60, 16, 49, 'active'),
(61, 16, 50, 'active'),
(62, 17, 51, 'active'),
(63, 18, 52, 'active'),
(64, 19, 53, 'active'),
(65, 20, 54, 'active'),
(66, 21, 55, 'active'),
(67, 21, 56, 'active'),
(68, 21, 57, 'active'),
(69, 21, 58, 'active'),
(70, 21, 59, 'active'),
(71, 21, 60, 'active'),
(72, 22, 61, 'active'),
(73, 23, 62, 'active'),
(74, 24, 63, 'active'),
(75, 24, 64, 'active'),
(76, 24, 65, 'active'),
(77, 24, 66, 'active'),
(78, 24, 67, 'active'),
(79, 24, 68, 'active'),
(80, 24, 69, 'active'),
(81, 24, 70, 'active'),
(82, 24, 71, 'active'),
(83, 24, 72, 'active'),
(84, 24, 73, 'active'),
(85, 24, 36, 'active'),
(86, 24, 74, 'active'),
(87, 24, 34, 'active'),
(88, 24, 75, 'active'),
(89, 24, 76, 'active'),
(90, 24, 31, 'active'),
(91, 24, 29, 'active'),
(92, 24, 35, 'active'),
(93, 24, 77, 'active'),
(94, 24, 78, 'active'),
(95, 24, 79, 'active'),
(96, 24, 80, 'active'),
(97, 24, 81, 'active'),
(98, 24, 82, 'active'),
(99, 24, 83, 'active'),
(100, 24, 84, 'active'),
(101, 24, 85, 'active'),
(102, 24, 86, 'active'),
(103, 24, 87, 'active'),
(104, 24, 88, 'active'),
(105, 25, 89, 'active'),
(106, 26, 90, 'active'),
(107, 26, 91, 'active'),
(108, 27, 92, 'active'),
(109, 27, 93, 'active'),
(110, 27, 94, 'active'),
(111, 27, 95, 'active'),
(112, 27, 96, 'active'),
(113, 27, 97, 'active'),
(114, 27, 98, 'active'),
(115, 27, 99, 'active'),
(116, 27, 79, 'active'),
(117, 27, 100, 'active'),
(118, 27, 101, 'active'),
(119, 27, 102, 'active'),
(120, 28, 103, 'active'),
(121, 29, 13, 'active'),
(122, 29, 104, 'active'),
(123, 29, 9, 'active'),
(124, 30, 105, 'active'),
(125, 30, 106, 'active'),
(126, 30, 10, 'active'),
(127, 30, 107, 'active'),
(128, 31, 44, 'active'),
(129, 32, 108, 'active'),
(130, 33, 6, 'active'),
(131, 34, 109, 'active'),
(132, 35, 110, 'active'),
(133, 35, 94, 'active'),
(134, 35, 44, 'active'),
(135, 36, 106, 'active'),
(136, 36, 111, 'active'),
(137, 37, 112, 'active'),
(138, 38, 5, 'active'),
(139, 38, 106, 'active'),
(140, 39, 113, 'active'),
(141, 39, 114, 'active'),
(142, 40, 115, 'active'),
(143, 40, 109, 'active'),
(144, 41, 9, 'active'),
(145, 41, 69, 'active'),
(146, 41, 116, 'active'),
(147, 42, 117, 'active'),
(148, 43, 118, 'active'),
(149, 43, 119, 'active'),
(150, 43, 120, 'active'),
(151, 43, 121, 'active'),
(152, 43, 122, 'active'),
(153, 44, 14, 'active'),
(154, 44, 123, 'active'),
(155, 44, 107, 'active'),
(156, 45, 124, 'active'),
(157, 46, 10, 'active'),
(158, 47, 125, 'active'),
(159, 47, 126, 'active'),
(160, 47, 127, 'active'),
(161, 47, 77, 'active'),
(162, 47, 128, 'active'),
(163, 47, 35, 'active'),
(164, 47, 129, 'active'),
(165, 47, 104, 'active'),
(166, 47, 130, 'active'),
(167, 47, 131, 'active'),
(168, 47, 115, 'active'),
(169, 47, 16, 'active'),
(170, 47, 132, 'active'),
(171, 47, 123, 'active'),
(172, 47, 17, 'active'),
(173, 47, 54, 'active'),
(174, 47, 19, 'active'),
(175, 47, 18, 'active'),
(176, 47, 133, 'active'),
(177, 47, 20, 'active'),
(178, 47, 134, 'active'),
(179, 47, 135, 'active'),
(180, 27, 136, 'active'),
(181, 48, 137, 'active'),
(182, 48, 138, 'active'),
(183, 48, 139, 'active'),
(184, 48, 140, 'active'),
(185, 48, 141, 'active'),
(186, 48, 142, 'active'),
(187, 48, 143, 'active'),
(188, 48, 144, 'active'),
(189, 48, 145, 'active'),
(190, 48, 146, 'active'),
(191, 48, 147, 'active'),
(192, 48, 148, 'active'),
(193, 48, 149, 'active'),
(194, 48, 150, 'active'),
(195, 48, 151, 'active'),
(196, 48, 152, 'active'),
(197, 48, 153, 'active'),
(198, 48, 154, 'active'),
(199, 48, 155, 'active'),
(200, 48, 156, 'active'),
(201, 48, 157, 'active'),
(202, 48, 158, 'active'),
(203, 48, 159, 'active'),
(204, 48, 160, 'active'),
(205, 48, 161, 'active'),
(206, 48, 162, 'active'),
(207, 48, 163, 'active'),
(208, 48, 164, 'active'),
(209, 48, 165, 'active'),
(210, 48, 166, 'active'),
(211, 31, 167, 'active'),
(212, 49, 168, 'active'),
(213, 27, 169, 'active'),
(214, 27, 170, 'active'),
(215, 27, 171, 'active'),
(216, 11, 77, 'active'),
(217, 50, 70, 'active'),
(218, 28, 172, 'active'),
(219, 28, 173, 'active'),
(220, 28, 174, 'active'),
(221, 28, 175, 'active'),
(222, 11, 176, 'active'),
(223, 43, 177, 'active'),
(224, 4, 178, 'active'),
(225, 13, 179, 'active'),
(226, 127, 180, 'active'),
(227, 16, 181, 'active'),
(228, 15, 182, 'active'),
(229, 128, 10, 'active'),
(230, 129, 109, 'active'),
(231, 130, 183, 'active'),
(232, 48, 184, 'active'),
(233, 48, 185, 'active'),
(234, 47, 186, 'active'),
(235, 47, 1, 'active'),
(236, 131, 187, 'active'),
(237, 131, 188, 'active');

-- --------------------------------------------------------

--
-- Table structure for table `services_period`
--

CREATE TABLE `services_period` (
  `id` bigint(20) NOT NULL,
  `id_services_company` bigint(20) NOT NULL,
  `term` longtext NOT NULL,
  `period_start` date NOT NULL,
  `period_end` date NOT NULL,
  `harga` bigint(20) DEFAULT NULL
) ENGINE=InnoDB DEFAULT CHARSET=utf8mb4 COLLATE=utf8mb4_general_ci;

--
-- Dumping data for table `services_period`
--

INSERT INTO `services_period` (`id`, `id_services_company`, `term`, `period_start`, `period_end`, `harga`) VALUES
(1, 1, 'TERM 7', '2024-03-02', '2024-04-01', NULL),
(2, 2, 'TERM 7', '2024-03-02', '2024-04-01', NULL),
(3, 3, 'TERM 1', '2024-03-02', '2024-04-01', NULL),
(4, 4, 'TERM 5', '2024-03-02', '2024-04-01', NULL),
(5, 5, 'TERM 8', '2024-03-02', '2024-04-01', NULL),
(6, 6, 'TERM 3', '2024-03-02', '2024-04-01', NULL),
(7, 7, 'TERM 8', '2024-03-02', '2024-04-01', NULL),
(8, 8, 'TERM 8', '2024-03-02', '2024-04-01', NULL),
(9, 9, 'TERM 6', '2024-03-02', '2024-04-01', NULL),
(10, 10, 'TERM 5', '2024-03-02', '2024-04-01', NULL),
(11, 11, 'TERM 9', '2024-03-02', '2024-04-01', NULL),
(12, 12, 'TERM 12', '2024-03-02', '2024-04-01', NULL),
(13, 13, 'TERM 8', '2024-03-02', '2024-04-01', NULL),
(14, 14, 'TERM 5', '2024-03-02', '2024-04-01', NULL),
(15, 15, 'TERM 7', '2024-03-02', '2024-04-01', NULL),
(16, 16, 'TERM 4', '2024-03-02', '2024-04-01', NULL),
(17, 17, 'TERM 5', '2024-03-02', '2024-04-01', NULL),
(18, 18, 'TERM 4', '2024-03-02', '2024-04-01', NULL),
(19, 19, 'TERM 3', '2024-03-02', '2024-04-01', NULL),
(20, 20, 'TERM 7', '2024-03-02', '2024-04-01', NULL),
(21, 21, 'TERM 12', '2024-03-02', '2024-04-01', NULL),
(22, 22, 'TERM 2', '2024-03-02', '2024-04-01', NULL),
(23, 23, 'TERM 2', '2024-03-02', '2024-04-01', NULL),
(24, 24, 'TERM 7', '2024-03-02', '2024-04-01', NULL),
(25, 25, 'TERM 3', '2024-03-02', '2024-04-01', NULL),
(26, 26, 'TERM 2', '2024-03-02', '2024-04-01', NULL),
(27, 27, 'TERM 6', '2024-03-02', '2024-04-01', NULL),
(28, 28, 'TERM 7', '2024-03-02', '2024-04-01', NULL),
(29, 29, 'TERM 7', '2024-03-02', '2024-04-01', NULL),
(30, 30, 'TERM 4', '2024-03-02', '2024-04-01', NULL),
(31, 31, 'TERM 6', '2024-03-02', '2024-04-01', NULL),
(32, 32, 'TERM 7', '2024-03-02', '2024-04-01', NULL),
(33, 33, 'TERM 7', '2024-03-02', '2024-04-01', NULL),
(34, 34, 'TERM 1', '2024-03-02', '2024-04-01', NULL),
(35, 35, 'TERM 11', '2024-03-02', '2024-04-01', NULL),
(36, 36, 'TERM 12', '2024-03-02', '2024-04-01', NULL),
(37, 37, 'TERM 10', '2024-03-02', '2024-04-01', NULL),
(38, 38, 'TERM 1', '2024-03-02', '2024-04-01', NULL),
(39, 39, 'TERM 4', '2024-03-02', '2024-04-01', NULL),
(40, 40, 'TERM 8', '2024-03-02', '2024-04-01', NULL),
(41, 41, 'TERM 8', '2024-03-02', '2024-04-01', NULL),
(42, 42, 'TERM 8', '2024-03-02', '2024-04-01', NULL),
(43, 43, 'TERM 2', '2024-03-02', '2024-04-01', NULL),
(44, 44, 'TERM 1', '2024-03-02', '2024-04-01', NULL),
(45, 45, 'TERM 9', '2024-03-02', '2024-04-01', NULL),
(46, 46, 'TERM 7', '2024-03-02', '2024-04-01', NULL),
(47, 47, 'TERM 5', '2024-03-02', '2024-04-01', NULL),
(48, 48, 'TERM 2', '2024-03-02', '2024-04-01', NULL),
(49, 49, 'TERM 9', '2024-03-02', '2024-04-01', NULL),
(50, 50, 'TERM 11', '2024-03-02', '2024-04-01', NULL),
(51, 51, 'TERM 4', '2024-03-02', '2024-04-01', NULL),
(52, 52, 'TERM 5', '2024-03-02', '2024-04-01', NULL),
(53, 50, 'TERM 7', '2024-03-02', '2024-04-01', NULL),
(54, 53, 'TERM 4', '2024-03-02', '2024-04-01', NULL),
(55, 54, 'TERM 2', '2024-03-02', '2024-04-01', NULL),
(56, 54, 'TERM 3', '2024-03-02', '2024-04-01', NULL),
(57, 55, 'TERM 9', '2024-03-02', '2024-04-01', NULL),
(58, 56, 'TERM 8', '2024-03-02', '2024-04-01', NULL),
(59, 57, 'TERM 9', '2024-03-02', '2024-04-01', NULL),
(60, 58, 'TERM 7', '2024-03-02', '2024-04-01', NULL),
(61, 59, 'TERM 9', '2024-03-02', '2024-04-01', NULL),
(62, 60, 'TERM 6', '2024-03-02', '2024-04-01', NULL),
(63, 61, 'TERM 6', '2024-03-02', '2024-04-01', NULL),
(64, 60, 'TERM 5', '2024-03-02', '2024-04-01', NULL),
(65, 62, 'TERM 3', '2024-03-02', '2024-04-01', NULL),
(66, 63, 'TERM 5', '2024-03-02', '2024-04-01', NULL),
(67, 64, 'TERM 12', '2024-03-02', '2024-04-01', NULL),
(68, 65, 'TERM 2', '2024-03-02', '2024-04-01', NULL),
(69, 66, 'TERM 4', '2024-03-02', '2024-04-01', NULL),
(70, 67, 'TERM 1', '2024-03-02', '2024-04-01', NULL),
(71, 68, 'TERM 11', '2024-03-02', '2024-04-01', NULL),
(72, 69, 'TERM 4', '2024-03-02', '2024-04-01', NULL),
(73, 70, 'TERM 4', '2024-03-02', '2024-04-01', NULL),
(74, 71, 'TERM 3', '2024-03-02', '2024-04-01', NULL),
(75, 72, 'TERM 10', '2024-03-02', '2024-04-01', NULL),
(76, 73, 'TERM 8', '2024-03-02', '2024-04-01', NULL),
(77, 74, 'TERM 6', '2024-03-02', '2024-04-01', NULL),
(78, 75, 'TERM 6', '2024-03-02', '2024-04-01', NULL),
(79, 76, 'TERM 6', '2024-03-02', '2024-04-01', NULL),
(80, 77, 'TERM 6', '2024-03-02', '2024-04-01', NULL),
(81, 78, 'TERM 6', '2024-03-02', '2024-04-01', NULL),
(82, 79, 'TERM 6', '2024-03-02', '2024-04-01', NULL),
(83, 80, 'TERM 6', '2024-03-02', '2024-04-01', NULL),
(84, 81, 'TERM 6', '2024-03-02', '2024-04-01', NULL),
(85, 82, 'TERM 6', '2024-03-02', '2024-04-01', NULL),
(86, 83, 'TERM 5', '2024-03-02', '2024-04-01', NULL),
(87, 84, 'TERM 6', '2024-03-02', '2024-04-01', NULL),
(88, 85, 'TERM 5', '2024-03-02', '2024-04-01', NULL),
(89, 86, 'TERM 8', '2024-03-02', '2024-04-01', NULL),
(90, 87, 'TERM 4', '2024-03-02', '2024-04-01', NULL),
(91, 88, 'TERM 4', '2024-03-02', '2024-04-01', NULL),
(92, 89, 'TERM 4', '2024-03-02', '2024-04-01', NULL),
(93, 90, 'TERM 4', '2024-03-02', '2024-04-01', NULL),
(94, 91, 'TERM 4', '2024-03-02', '2024-04-01', NULL),
(95, 92, 'TERM 4', '2024-03-02', '2024-04-01', NULL),
(96, 93, 'TERM 4', '2024-03-02', '2024-04-01', NULL),
(97, 94, 'TERM 4', '2024-03-02', '2024-04-01', NULL),
(98, 95, 'TERM 4', '2024-03-02', '2024-04-01', NULL),
(99, 96, 'TERM 4', '2024-03-02', '2024-04-01', NULL),
(100, 97, 'TERM 4', '2024-03-02', '2024-04-01', NULL),
(101, 98, 'TERM 4', '2024-03-02', '2024-04-01', NULL),
(102, 99, 'TERM 4', '2024-03-02', '2024-04-01', NULL),
(103, 100, 'TERM 4', '2024-03-02', '2024-04-01', NULL),
(104, 101, 'TERM 4', '2024-03-02', '2024-04-01', NULL),
(105, 102, 'TERM 4', '2024-03-02', '2024-04-01', NULL),
(106, 103, 'TERM 4', '2024-03-02', '2024-04-01', NULL),
(107, 104, 'TERM 4', '2024-03-02', '2024-04-01', NULL),
(108, 105, 'TERM 12', '2024-03-02', '2024-04-01', NULL),
(109, 106, 'TERM 5', '2024-03-02', '2024-04-01', NULL),
(110, 107, 'TERM 2', '2024-03-02', '2024-04-01', NULL),
(111, 108, 'TERM 9', '2024-03-02', '2024-04-01', NULL),
(112, 109, 'TERM 10', '2024-03-02', '2024-04-01', NULL),
(113, 110, 'TERM 7', '2024-03-02', '2024-04-01', NULL),
(114, 111, 'TERM 7', '2024-03-02', '2024-04-01', NULL),
(115, 112, 'TERM 4', '2024-03-02', '2024-04-01', NULL),
(116, 113, 'TERM 7', '2024-03-02', '2024-04-01', NULL),
(117, 114, 'TERM 4', '2024-03-02', '2024-04-01', NULL),
(118, 115, 'TERM 4', '2024-03-02', '2024-04-01', NULL),
(119, 116, 'TERM 4', '2024-03-02', '2024-04-01', NULL),
(120, 117, 'TERM 4', '2024-03-02', '2024-04-01', NULL),
(121, 118, 'TERM 4', '2024-03-02', '2024-04-01', NULL),
(122, 119, 'TERM 4', '2024-03-02', '2024-04-01', NULL),
(123, 120, 'TERM 3', '2024-03-02', '2024-04-01', NULL),
(124, 121, 'TERM 5', '2024-03-02', '2024-04-01', NULL),
(125, 122, 'TERM 6', '2024-03-02', '2024-04-01', NULL),
(126, 123, 'TERM 7', '2024-03-02', '2024-04-01', NULL),
(127, 124, 'TERM 6', '2024-03-02', '2024-04-01', NULL),
(128, 125, 'TERM 6', '2024-03-02', '2024-04-01', NULL),
(129, 126, 'TERM 5', '2024-03-02', '2024-04-01', NULL),
(130, 127, 'TERM 6', '2024-03-02', '2024-04-01', NULL),
(131, 128, 'TERM 12', '2024-03-02', '2024-04-01', NULL),
(132, 129, 'TERM 3', '2024-03-02', '2024-04-01', NULL),
(133, 130, 'TERM 4', '2024-03-02', '2024-04-01', NULL),
(134, 131, 'TERM 11', '2024-03-02', '2024-04-01', NULL),
(135, 132, 'TERM 4', '2024-03-02', '2024-04-01', NULL),
(136, 133, 'TERM 9', '2024-03-02', '2024-04-01', NULL),
(137, 134, 'TERM 2', '2024-03-02', '2024-04-01', NULL),
(138, 135, 'TERM 2', '2024-03-02', '2024-04-01', NULL),
(139, 136, 'TERM 4', '2024-03-02', '2024-04-01', NULL),
(140, 137, 'TERM 1', '2024-03-02', '2024-04-01', NULL),
(141, 138, 'TERM 9', '2024-03-02', '2024-04-01', NULL),
(142, 139, 'TERM 5', '2024-03-02', '2024-04-01', NULL),
(143, 140, 'TERM 6', '2024-03-02', '2024-04-01', NULL),
(144, 141, 'TERM 6', '2024-03-02', '2024-04-01', NULL),
(145, 142, 'TERM 4', '2024-03-02', '2024-04-01', NULL),
(146, 143, 'TERM 6', '2024-03-02', '2024-04-01', NULL),
(147, 144, 'TERM 9', '2024-03-02', '2024-04-01', NULL),
(148, 145, 'TERM 9', '2024-03-02', '2024-04-01', NULL),
(149, 146, 'TERM 6', '2024-03-02', '2024-04-01', NULL),
(150, 147, 'TERM 3', '2024-03-02', '2024-04-01', NULL),
(151, 148, 'TERM 6', '2024-03-02', '2024-04-01', NULL),
(152, 149, 'TERM 5', '2024-03-02', '2024-04-01', NULL),
(153, 150, 'TERM 5', '2024-03-02', '2024-04-01', NULL),
(154, 151, 'TERM 4', '2024-03-02', '2024-04-01', NULL),
(155, 152, 'TERM 4', '2024-03-02', '2024-04-01', NULL),
(156, 153, 'TERM 4', '2024-03-02', '2024-04-01', NULL),
(157, 154, 'TERM 3', '2024-03-02', '2024-04-01', NULL),
(158, 155, 'TERM 3', '2024-03-02', '2024-04-01', NULL),
(159, 156, 'TERM 2', '2024-03-02', '2024-04-01', NULL),
(160, 157, 'TERM 4', '2024-03-02', '2024-04-01', NULL),
(161, 158, 'TERM 10', '2024-03-02', '2024-04-01', NULL),
(162, 159, 'TERM 10', '2024-03-02', '2024-04-01', NULL),
(163, 160, 'TERM 3', '2024-03-02', '2024-04-01', NULL),
(164, 161, 'TERM 3', '2024-03-02', '2024-04-01', NULL),
(165, 162, 'TERM 3', '2024-03-02', '2024-04-01', NULL),
(166, 163, 'TERM 3', '2024-03-02', '2024-04-01', NULL),
(167, 164, 'TERM 3', '2024-03-02', '2024-04-01', NULL),
(168, 165, 'TERM 3', '2024-03-02', '2024-04-01', NULL),
(169, 166, 'TERM 3', '2024-03-02', '2024-04-01', NULL),
(170, 167, 'TERM 3', '2024-03-02', '2024-04-01', NULL),
(171, 168, 'TERM 3', '2024-03-02', '2024-04-01', NULL),
(172, 169, 'TERM 3', '2024-03-02', '2024-04-01', NULL),
(173, 170, 'TERM 3', '2024-03-02', '2024-04-01', NULL),
(174, 171, 'TERM 3', '2024-03-02', '2024-04-01', NULL),
(175, 172, 'TERM 3', '2024-03-02', '2024-04-01', NULL),
(176, 173, 'TERM 3', '2024-03-02', '2024-04-01', NULL),
(177, 174, 'TERM 3', '2024-03-02', '2024-04-01', NULL),
(178, 175, 'TERM 3', '2024-03-02', '2024-04-01', NULL),
(179, 176, 'TERM 3', '2024-03-02', '2024-04-01', NULL),
(180, 177, 'TERM 3', '2024-03-02', '2024-04-01', NULL),
(181, 178, 'TERM 3', '2024-03-02', '2024-04-01', NULL),
(182, 179, 'TERM 2', '2024-03-02', '2024-04-01', NULL),
(183, 180, 'TERM 9', '2024-03-02', '2024-04-01', NULL),
(184, 181, 'FULL PAYMENT', '2024-03-02', '2024-04-01', NULL),
(185, 182, 'FULL PAYMENT', '2024-03-02', '2024-04-01', NULL),
(186, 183, 'FULL PAYMENT', '2024-03-02', '2024-04-01', NULL),
(187, 184, 'FULL PAYMENT', '2024-03-02', '2024-04-01', NULL),
(188, 185, 'FULL PAYMENT', '2024-03-02', '2024-04-01', NULL),
(189, 186, 'FULL PAYMENT', '2024-03-02', '2024-04-01', NULL),
(190, 187, 'FULL PAYMENT', '2024-03-02', '2024-04-01', NULL),
(191, 188, 'FULL PAYMENT', '2024-03-02', '2024-04-01', NULL),
(192, 189, 'FULL PAYMENT', '2024-03-02', '2024-04-01', NULL),
(193, 190, 'FULL PAYMENT', '2024-03-02', '2024-04-01', NULL),
(194, 191, 'FULL PAYMENT', '2024-03-02', '2024-04-01', NULL),
(195, 192, 'FULL PAYMENT', '2024-03-02', '2024-04-01', NULL),
(196, 193, 'FULL PAYMENT', '2024-03-02', '2024-04-01', NULL),
(197, 194, 'FULL PAYMENT', '2024-03-02', '2024-04-01', NULL),
(198, 195, 'FULL PAYMENT', '2024-03-02', '2024-04-01', NULL),
(199, 196, 'FULL PAYMENT', '2024-03-02', '2024-04-01', NULL),
(200, 197, 'FULL PAYMENT', '2024-03-02', '2024-04-01', NULL),
(201, 198, 'FULL PAYMENT', '2024-03-02', '2024-04-01', NULL),
(202, 199, 'FULL PAYMENT', '2024-03-02', '2024-04-01', NULL),
(203, 200, 'FULL PAYMENT', '2024-03-02', '2024-04-01', NULL),
(204, 201, 'FULL PAYMENT', '2024-03-02', '2024-04-01', NULL),
(205, 202, 'FULL PAYMENT', '2024-03-02', '2024-04-01', NULL),
(206, 203, 'FULL PAYMENT', '2024-03-02', '2024-04-01', NULL),
(207, 204, 'FULL PAYMENT', '2024-03-02', '2024-04-01', NULL),
(208, 205, 'FULL PAYMENT', '2024-03-02', '2024-04-01', NULL),
(209, 206, 'FULL PAYMENT', '2024-03-02', '2024-04-01', NULL),
(210, 207, 'FULL PAYMENT', '2024-03-02', '2024-04-01', NULL),
(211, 208, 'FULL PAYMENT', '2024-03-02', '2024-04-01', NULL),
(212, 209, 'FULL PAYMENT', '2024-03-02', '2024-04-01', NULL),
(213, 210, 'FULL PAYMENT', '2024-03-02', '2024-04-01', NULL),
(214, 211, 'FULL PAYMENT', '2024-03-07', '2024-03-14', NULL),
(215, 212, 'TERM 1', '2024-03-02', '2024-04-01', NULL),
(216, 152, 'TERM 5', '2024-03-06', '2024-04-01', NULL),
(217, 213, 'TERM 1', '2024-03-05', '2024-04-01', NULL),
(218, 214, 'TERM 1', '2024-03-05', '2024-04-01', NULL),
(219, 215, 'TERM 1', '2024-03-05', '2024-04-01', NULL),
(220, 216, 'TERM 1', '2024-03-02', '2024-04-01', NULL),
(221, 217, 'TERM 1', '2023-06-02', '2023-07-01', NULL),
(222, 217, 'TERM 2', '2023-07-02', '2023-08-01', NULL),
(223, 217, 'TERM 3', '2023-08-02', '2023-09-01', NULL),
(224, 217, 'TERM 4', '2023-09-02', '2023-10-01', NULL),
(225, 217, 'TERM 5', '2023-10-02', '2023-11-01', NULL),
(226, 217, 'TERM 6', '2023-11-02', '2023-12-01', NULL),
(227, 217, 'TERM 7', '2023-12-02', '2024-01-01', NULL),
(228, 217, 'TERM 8', '2023-01-02', '2023-02-01', NULL),
(229, 217, 'TERM 9', '2023-02-02', '2023-03-01', NULL),
(230, 218, 'TERM 1', '2024-03-02', '2024-04-01', NULL),
(231, 219, 'TERM 1', '2024-03-02', '2024-04-01', NULL),
(232, 220, 'TERM 1', '2024-03-02', '2024-04-01', NULL),
(233, 221, 'TERM 1', '2024-03-02', '2024-04-01', NULL),
(234, 47, 'TERM 6', '2024-03-19', '2024-04-01', NULL),
(235, 217, 'TERM 10', '2024-01-02', '2024-02-01', NULL),
(236, 217, 'TERM 11', '2024-02-02', '2024-03-01', NULL),
(237, 217, 'TERM 12', '2024-03-02', '2024-04-01', NULL),
(238, 222, 'TERM 1', '2024-03-19', '2024-04-01', NULL),
(239, 223, 'TERM 1', '2024-03-23', '2024-04-01', NULL),
(240, 1, 'TERM 5', '2024-01-02', '2024-02-01', NULL),
(241, 3, 'TERM 11', '2024-01-02', '2024-02-01', NULL),
(242, 4, 'TERM 3', '2024-01-02', '2024-02-01', NULL),
(243, 5, 'TERM 8', '2024-01-02', '2024-02-01', NULL),
(244, 7, 'TERM 6', '2024-01-02', '2024-02-01', NULL),
(245, 8, 'TERM 6', '2024-01-02', '2024-02-01', NULL),
(246, 224, 'TERM 4', '2024-01-02', '2024-02-01', NULL),
(247, 10, 'TERM 3', '2024-01-02', '2024-02-01', NULL),
(248, 11, 'TERM 7', '2024-01-02', '2024-02-01', NULL),
(249, 12, 'TERM 10', '2024-01-02', '2024-02-01', NULL),
(250, 13, 'TERM 6', '2024-01-02', '2024-02-01', NULL),
(251, 14, 'TERM 3', '2024-01-02', '2024-02-01', NULL),
(252, 15, 'TERM 4', '2024-01-02', '2024-02-01', NULL),
(253, 16, 'TERM 2', '2024-01-02', '2024-02-01', NULL),
(254, 17, 'TERM 3', '2024-01-02', '2024-02-01', NULL),
(255, 18, 'TERM 2', '2024-01-02', '2024-02-01', NULL),
(256, 27, 'TERM 5', '2024-01-02', '2024-02-01', NULL),
(257, 28, 'TERM 6', '2024-01-02', '2024-02-01', NULL),
(258, 29, 'TERM 6', '2024-01-02', '2024-02-01', NULL),
(259, 2, 'TERM 5', '2024-01-02', '2024-02-01', NULL),
(260, 47, 'TERM 3', '2024-01-02', '2024-01-01', NULL),
(261, 51, 'TERM 2', '2024-01-02', '2024-02-01', NULL),
(262, 52, 'TERM 5', '2024-01-02', '2024-02-01', NULL),
(263, 50, 'TERM 5', '2024-01-02', '2024-02-01', NULL),
(264, 19, 'TERM 1', '2024-01-02', '2024-02-01', NULL),
(265, 20, 'TERM 5', '2024-01-02', '2024-02-01', NULL),
(266, 21, 'TERM 10', '2024-01-02', '2024-02-01', NULL),
(267, 22, 'TERM 12', '2024-01-02', '2024-02-01', NULL),
(268, 23, 'TERM 12', '2024-01-02', '2024-02-01', NULL),
(269, 24, 'TERM 5', '2024-01-02', '2024-02-01', NULL),
(270, 31, 'TERM 4', '2024-01-02', '2024-02-01', NULL),
(271, 32, 'TERM 5', '2024-01-02', '2024-02-01', NULL),
(272, 33, 'TERM 5', '2024-01-02', '2024-02-01', NULL),
(273, 34, 'TERM 11', '2024-01-02', '2024-02-01', NULL),
(274, 35, 'TERM 9', '2024-01-02', '2024-02-01', NULL),
(275, 36, 'TERM 10', '2024-01-02', '2024-02-01', NULL),
(276, 48, 'TERM 12', '2024-01-02', '2024-02-01', NULL),
(277, 225, 'TERM 8', '2024-01-02', '2024-02-01', NULL),
(278, 49, 'TERM 7', '2024-01-02', '2024-02-01', NULL),
(279, 50, 'TERM 9', '2024-01-02', '2024-02-01', NULL),
(280, 226, 'FULL PAYMENT', '2024-01-02', '2024-02-01', NULL),
(281, 37, 'TERM 8', '2024-01-02', '2024-02-01', NULL),
(282, 38, 'TERM 11', '2024-01-02', '2024-02-01', NULL),
(283, 39, 'TERM 2', '2024-01-02', '2024-02-01', NULL),
(284, 40, 'TERM 6', '2024-01-02', '2024-02-01', NULL),
(285, 41, 'TERM 6', '2024-01-02', '2024-02-01', NULL),
(286, 42, 'TERM 6', '2024-01-02', '2024-02-01', NULL),
(287, 43, 'TERM 12', '2024-01-02', '2024-02-01', NULL),
(288, 44, 'TERM 11', '2024-01-02', '2024-02-01', NULL),
(289, 45, 'TERM 7', '2024-01-02', '2024-02-01', NULL),
(290, 46, 'TERM 5', '2024-01-02', '2024-02-01', NULL),
(291, 53, 'TERM 2', '2024-01-02', '2024-02-01', NULL),
(292, 54, 'TERM 12', '2024-01-02', '2024-02-01', NULL),
(293, 227, 'TERM 4', '2024-01-02', '2024-02-01', NULL),
(294, 61, 'TERM 4', '2024-01-02', '2024-02-01', NULL),
(295, 62, 'TERM 1', '2024-01-02', '2024-02-01', NULL),
(296, 63, 'TERM 3', '2024-01-02', '2024-02-01', NULL),
(297, 64, 'TERM 10', '2024-01-02', '2024-02-01', NULL),
(298, 65, 'TERM 12', '2024-01-02', '2024-02-01', NULL),
(299, 60, 'TERM 3', '2024-01-02', '2024-02-01', NULL),
(300, 54, 'TERM 1', '2024-01-02', '2024-02-01', NULL),
(301, 66, 'TERM 2', '2024-01-02', '2024-02-01', NULL),
(302, 67, 'TERM 11', '2024-01-02', '2024-02-01', NULL),
(303, 72, 'TERM 8', '2024-01-02', '2024-02-01', NULL),
(304, 73, 'TERM 6', '2024-01-02', '2024-02-01', NULL),
(305, 55, 'TERM 7', '2024-01-02', '2024-02-01', NULL),
(306, 228, 'TERM 4', '2024-01-02', '2024-02-01', NULL),
(307, 56, 'TERM 6', '2024-01-02', '2024-02-01', NULL),
(308, 57, 'TERM 7', '2024-01-02', '2024-02-01', NULL),
(309, 58, 'TERM 5', '2024-01-02', '2024-02-01', NULL),
(310, 59, 'TERM 7', '2024-01-02', '2024-02-01', NULL),
(311, 74, 'TERM 4', '2024-01-02', '2024-02-01', NULL),
(312, 75, 'TERM 4', '2024-01-02', '2024-02-01', NULL),
(313, 76, 'TERM 4', '2024-01-02', '2024-02-01', NULL),
(314, 77, 'TERM 4', '2024-01-02', '2024-02-01', NULL),
(315, 78, 'TERM 4', '2024-01-02', '2024-02-01', NULL),
(316, 79, 'TERM 4', '2024-01-02', '2024-02-01', NULL),
(317, 80, 'TERM 4', '2024-01-02', '2024-02-01', NULL),
(318, 81, 'TERM 4', '2024-01-02', '2024-02-01', NULL),
(319, 68, 'TERM 9', '2024-01-02', '2024-02-01', NULL),
(320, 82, 'TERM 4', '2024-01-02', '2024-02-01', NULL),
(321, 83, 'TERM 3', '2024-01-02', '2024-02-01', NULL),
(322, 84, 'TERM 4', '2024-01-02', '2024-02-01', NULL),
(323, 85, 'TERM 3', '2024-01-02', '2024-02-01', NULL),
(324, 86, 'TERM 6', '2024-01-02', '2024-02-01', NULL),
(325, 87, 'TERM 2', '2024-01-02', '2024-02-01', NULL),
(326, 88, 'TERM 2', '2024-01-02', '2024-02-01', NULL),
(327, 89, 'TERM 2', '2024-01-02', '2024-02-01', NULL),
(328, 90, 'TERM 2', '2024-01-02', '2024-02-01', NULL),
(329, 91, 'TERM 2', '2024-01-02', '2024-02-01', NULL),
(330, 92, 'TERM 2', '2024-01-02', '2024-02-01', NULL),
(331, 93, 'TERM 2', '2024-01-02', '2024-02-01', NULL),
(332, 94, 'TERM 1', '2023-12-15', '2024-01-01', NULL),
(333, 95, 'TERM 1', '2023-12-15', '2024-01-01', NULL),
(334, 96, 'TERM 1', '2023-12-15', '2024-01-01', NULL),
(335, 97, 'TERM 1', '2023-12-15', '2024-01-01', NULL),
(336, 100, 'TERM 1', '2023-12-15', '2024-01-01', NULL),
(337, 99, 'TERM 1', '2023-12-15', '2024-01-01', NULL),
(338, 98, 'TERM 1', '2023-12-15', '2024-01-01', NULL),
(339, 105, 'TERM 10', '2024-01-02', '2024-02-01', NULL),
(340, 180, 'TERM 7', '2024-01-02', '2024-02-01', NULL),
(341, 120, 'TERM 1', '2024-01-02', '2024-02-01', NULL),
(342, 108, 'TERM 7', '2024-01-02', '2024-02-01', NULL),
(343, 109, 'TERM 8', '2024-01-02', '2024-02-01', NULL),
(344, 110, 'TERM 5', '2024-01-02', '2024-02-01', NULL),
(345, 229, 'TERM 5', '2024-01-02', '2024-02-01', NULL),
(346, 121, 'TERM 3', '2024-01-02', '2024-02-01', NULL),
(347, 122, 'TERM 4', '2024-01-02', '2024-02-01', NULL),
(348, 103, 'TERM 1', '2023-12-22', '2024-01-01', NULL),
(349, 104, 'TERM 1', '2023-12-22', '2024-01-01', NULL),
(350, 94, 'TERM 2', '2024-01-02', '2024-02-01', NULL),
(351, 95, 'TERM 2', '2024-01-02', '2024-02-01', NULL),
(352, 96, 'TERM 2', '2024-01-02', '2024-02-01', NULL),
(353, 97, 'TERM 2', '2024-01-02', '2024-02-01', NULL),
(354, 98, 'TERM 2', '2024-01-02', '2024-02-01', NULL),
(355, 99, 'TERM 2', '2024-01-02', '2024-02-01', NULL),
(356, 100, 'TERM 2', '2024-01-02', '2024-02-01', NULL),
(357, 101, 'TERM 1', '2023-12-22', '2024-01-01', NULL),
(358, 102, 'TERM 1', '2023-12-22', '2024-01-01', NULL),
(359, 124, 'TERM 4', '2024-01-02', '2024-02-01', NULL),
(360, 125, 'TERM 4', '2024-01-02', '2024-02-01', NULL),
(361, 126, 'TERM 3', '2024-01-02', '2024-02-01', NULL),
(362, 127, 'TERM 4', '2024-01-02', '2024-02-01', NULL),
(363, 128, 'TERM 10', '2024-01-02', '2024-02-01', NULL),
(364, 211, 'TERM 10', '2023-12-13', '2023-12-20', NULL),
(365, 137, 'TERM 11', '2024-01-02', '2024-02-01', NULL),
(366, 129, 'TERM 1', '2024-01-02', '2024-02-01', NULL),
(367, 130, 'TERM 2', '2024-01-02', '2024-02-01', NULL),
(368, 131, 'TERM 9', '2024-01-02', '2024-02-01', NULL),
(369, 132, 'TERM 2', '2024-01-02', '2024-02-01', NULL),
(370, 133, 'TERM 7', '2024-01-02', '2024-02-01', NULL),
(371, 135, 'TERM 12', '2024-01-02', '2024-02-01', NULL),
(372, 136, 'TERM 2', '2024-01-02', '2024-02-01', NULL),
(373, 158, 'TERM 8', '2024-01-02', '2024-02-01', NULL),
(374, 159, 'TERM 8', '2024-01-02', '2024-02-01', NULL),
(375, 138, 'TERM 7', '2024-01-02', '2024-02-01', NULL),
(376, 139, 'TERM 2', '2024-01-02', '2024-02-01', NULL),
(377, 230, 'TERM 3', '2024-01-02', '2024-02-01', NULL),
(378, 140, 'TERM 4', '2024-01-02', '2024-02-01', NULL),
(379, 141, 'TERM 4', '2024-01-02', '2024-02-01', NULL),
(380, 111, 'TERM 5', '2024-01-02', '2024-02-01', NULL),
(381, 112, 'TERM 1', '2023-12-16', '2024-01-01', NULL),
(382, 69, 'TERM 1', '2023-12-15', '2024-01-01', NULL),
(383, 113, 'TERM 5', '2024-01-02', '2024-02-01', NULL),
(384, 160, 'TERM 1', '2024-01-02', '2024-02-01', NULL),
(385, 142, 'TERM 2', '2024-01-02', '2024-02-01', NULL),
(386, 143, 'TERM 4', '2024-01-02', '2024-02-01', NULL),
(387, 144, 'TERM 7', '2024-01-02', '2024-02-01', NULL),
(388, 145, 'TERM 7', '2024-01-02', '2024-02-01', NULL),
(389, 146, 'TERM 4', '2024-01-02', '2024-02-01', NULL),
(390, 148, 'TERM 3', '2024-01-02', '2024-02-01', NULL),
(391, 149, 'TERM 3', '2024-01-02', '2024-02-01', NULL),
(392, 150, 'TERM 3', '2024-01-02', '2024-02-01', NULL),
(393, 231, 'TERM 12', '2023-09-02', '2023-10-01', NULL),
(394, 106, 'TERM 3', '2024-01-02', '2024-02-01', NULL),
(395, 103, 'TERM 2', '2024-01-02', '2024-02-01', NULL),
(396, 104, 'TERM 2', '2024-01-02', '2024-02-01', NULL),
(397, 102, 'TERM 2', '2024-01-02', '2024-02-01', NULL),
(398, 101, 'TERM 2', '2024-01-02', '2024-02-01', NULL),
(399, 112, 'TERM 2', '2024-01-02', '2024-02-01', NULL),
(400, 69, 'TERM 2', '2024-01-02', '2024-02-01', NULL),
(401, 65, 'TERM 11', '2023-12-23', '2024-01-01', NULL),
(402, 151, 'TERM 2', '2024-01-02', '2024-02-01', NULL),
(403, 152, 'TERM 2', '2024-01-02', '2024-02-01', NULL),
(404, 30, 'TERM 1', '2023-12-13', '2024-01-01', NULL),
(405, 30, 'TERM 2', '2024-01-02', '2024-02-01', NULL),
(406, 147, 'TERM 1', '2024-01-02', '2024-02-01', NULL),
(407, 153, 'TERM 1', '2024-01-02', '2024-02-01', NULL),
(408, 154, 'TERM 1', '2024-01-02', '2024-02-01', NULL),
(409, 155, 'TERM 1', '2024-01-02', '2024-02-01', NULL),
(410, 114, 'TERM 1', '2023-12-21', '2024-01-01', NULL),
(411, 115, 'TERM 1', '2023-12-21', '2024-01-01', NULL),
(412, 116, 'TERM 1', '2023-12-21', '2024-01-01', NULL),
(413, 117, 'TERM 1', '2023-12-21', '2024-01-01', NULL),
(414, 118, 'TERM 1', '2023-12-21', '2024-01-01', NULL),
(415, 119, 'TERM 1', '2023-12-21', '2024-01-01', NULL),
(416, 70, 'TERM 1', '2023-12-28', '2024-01-01', NULL),
(417, 70, 'TERM 2', '2024-01-02', '2024-02-01', NULL),
(418, 114, 'TERM 2', '2024-01-02', '2024-02-01', NULL),
(419, 115, 'TERM 2', '2024-01-02', '2024-02-01', NULL),
(420, 116, 'TERM 2', '2024-01-02', '2024-02-01', NULL),
(421, 117, 'TERM 2', '2024-01-02', '2024-02-01', NULL),
(422, 118, 'TERM 2', '2024-01-02', '2024-02-01', NULL),
(423, 119, 'TERM 2', '2024-01-02', '2024-02-01', NULL),
(424, 181, 'FULL PAYMENT', '2024-01-02', '2024-02-01', NULL),
(425, 182, 'FULL PAYMENT', '2024-01-02', '2024-02-01', NULL),
(426, 232, 'FULL PAYMENT', '2024-01-02', '2024-02-01', NULL),
(427, 203, 'FULL PAYMENT', '2024-01-02', '2024-02-01', NULL),
(428, 183, 'FULL PAYMENT', '2024-01-02', '2024-02-01', NULL),
(429, 184, 'FULL PAYMENT', '2024-01-02', '2024-02-01', NULL),
(430, 185, 'FULL PAYMENT', '2024-01-02', '2024-02-01', NULL),
(431, 186, 'FULL PAYMENT', '2024-01-02', '2024-02-01', NULL),
(432, 187, 'FULL PAYMENT', '2024-01-02', '2024-02-01', NULL),
(433, 188, 'FULL PAYMENT', '2024-01-02', '2024-02-01', NULL),
(434, 189, 'FULL PAYMENT', '2024-01-02', '2024-02-01', NULL),
(435, 190, 'FULL PAYMENT', '2024-01-02', '2024-02-01', NULL),
(436, 191, 'FULL PAYMENT', '2024-01-02', '2024-02-01', NULL),
(437, 192, 'FULL PAYMENT', '2024-01-02', '2024-02-01', NULL),
(438, 193, 'FULL PAYMENT', '2024-01-02', '2024-02-01', NULL),
(439, 194, 'FULL PAYMENT', '2024-01-02', '2024-02-01', NULL),
(440, 195, 'FULL PAYMENT', '2024-01-02', '2024-02-01', NULL),
(441, 196, 'FULL PAYMENT', '2024-01-02', '2024-02-01', NULL),
(442, 197, 'FULL PAYMENT', '2024-01-02', '2024-02-01', NULL),
(443, 198, 'FULL PAYMENT', '2024-01-02', '2024-02-01', NULL),
(444, 207, 'FULL PAYMENT', '2024-01-02', '2024-02-01', NULL),
(445, 208, 'FULL PAYMENT', '2024-01-02', '2024-02-01', NULL),
(446, 204, 'FULL PAYMENT', '2024-01-02', '2024-02-01', NULL),
(447, 199, 'FULL PAYMENT', '2024-01-02', '2024-02-01', NULL),
(448, 200, 'FULL PAYMENT', '2024-01-02', '2024-02-01', NULL),
(449, 209, 'FULL PAYMENT', '2024-01-02', '2024-02-01', NULL),
(450, 201, 'FULL PAYMENT', '2024-01-02', '2024-02-01', NULL),
(451, 202, 'FULL PAYMENT', '2024-01-02', '2024-02-01', NULL),
(452, 205, 'FULL PAYMENT', '2024-01-02', '2024-02-01', NULL),
(453, 206, 'FULL PAYMENT', '2024-01-02', '2024-02-01', NULL),
(454, 47, 'TERM 2', '2023-12-21', '2024-01-01', NULL),
(455, 233, 'FULL PAYMENT', '2024-01-10', '2024-02-01', NULL),
(456, 233, 'FULL PAYMENT', '2024-01-02', '2024-01-09', NULL),
(457, 234, 'TERM 1', '2024-01-09', '2024-02-01', NULL),
(458, 179, 'TERM 1', '2024-01-26', '2024-02-01', NULL),
(459, 161, 'TERM 1', '2024-01-09', '2024-02-01', NULL),
(460, 162, 'TERM 1', '2024-01-09', '2024-02-01', NULL),
(461, 163, 'TERM 1', '2024-01-09', '2024-02-01', NULL),
(462, 164, 'TERM 1', '2024-01-09', '2024-02-01', NULL),
(463, 165, 'TERM 1', '2024-01-09', '2024-02-01', NULL),
(464, 166, 'TERM 1', '2024-01-09', '2024-02-01', NULL),
(465, 167, 'TERM 1', '2024-01-09', '2024-02-01', NULL),
(466, 168, 'TERM 1', '2024-01-09', '2024-02-01', NULL),
(467, 235, 'TERM 1', '2024-01-09', '2024-02-01', NULL),
(468, 169, 'TERM 1', '2024-01-09', '2024-02-01', NULL),
(469, 170, 'TERM 1', '2024-01-09', '2024-02-01', NULL),
(470, 171, 'TERM 1', '2024-01-09', '2024-02-01', NULL),
(471, 172, 'TERM 1', '2024-01-09', '2024-02-01', NULL),
(472, 173, 'TERM 1', '2024-01-09', '2024-02-01', NULL),
(473, 174, 'TERM 1', '2024-01-09', '2024-02-01', NULL),
(474, 175, 'TERM 1', '2024-01-09', '2024-02-01', NULL),
(475, 176, 'TERM 1', '2024-01-09', '2024-02-01', NULL),
(476, 177, 'TERM 1', '2024-01-09', '2024-02-01', NULL),
(477, 228, 'TERM 5', '2024-01-09', '2024-02-01', NULL),
(478, 178, 'TERM 1', '2024-01-09', '2024-02-01', NULL),
(479, 6, 'TERM 1', '2024-01-16', '2024-02-01', NULL),
(480, 153, 'TERM 2', '2024-01-12', '2024-02-01', NULL),
(481, 139, 'TERM 3', '2024-01-16', '2024-02-01', NULL),
(482, 177, 'TERM 1', '2022-02-11', '2024-01-01', NULL),
(483, 173, 'TERM 1', '2022-04-20', '2024-01-01', NULL),
(484, 172, 'TERM 1', '2022-07-23', '2024-01-01', NULL),
(485, 171, 'TERM 1', '2023-02-03', '2024-01-01', NULL),
(486, 178, 'TERM 1', '2022-08-21', '2024-01-01', NULL),
(487, 164, 'TERM 1', '2023-12-17', '2024-01-01', NULL),
(488, 174, 'TERM 1', '2023-11-01', '2024-01-01', NULL),
(489, 167, 'TERM 1', '2023-08-02', '2024-01-01', NULL),
(490, 165, 'TERM 1', '2023-10-25', '2024-01-01', NULL),
(491, 166, 'TERM 1', '2023-09-03', '2024-01-01', NULL),
(492, 170, 'TERM 1', '2023-02-03', '2024-01-01', NULL),
(493, 169, 'TERM 1', '2023-02-04', '2024-01-01', NULL),
(494, 175, 'TERM 1', '2023-02-22', '2024-01-01', NULL),
(495, 176, 'TERM 1', '2023-02-27', '2024-01-01', NULL),
(496, 168, 'TERM 1', '2023-03-30', '2024-01-01', NULL),
(497, 123, 'TERM 4', '2023-12-02', '2024-01-01', NULL),
(498, 123, 'TERM 5', '2024-01-02', '2024-02-01', NULL),
(499, 71, 'TERM 1', '2024-01-23', '2024-02-01', NULL),
(500, 236, 'FULL PAYMENT', '2023-11-02', '2023-12-01', NULL),
(501, 237, 'FULL PAYMENT', '2023-12-02', '2024-01-01', NULL);

-- --------------------------------------------------------

--
-- Table structure for table `users`
--

CREATE TABLE `users` (
  `id` varchar(36) NOT NULL,
  `nama` varchar(255) DEFAULT NULL,
  `email` varchar(255) DEFAULT NULL,
  `password` varchar(255) DEFAULT NULL,
  `id_role` bigint(20) NOT NULL,
  `status` enum('active','inactive') NOT NULL DEFAULT 'active',
  `refresh_token` varchar(255) DEFAULT NULL
) ENGINE=InnoDB DEFAULT CHARSET=utf8mb4 COLLATE=utf8mb4_general_ci;

--
-- Dumping data for table `users`
--

INSERT INTO `users` (`id`, `nama`, `email`, `password`, `id_role`, `status`, `refresh_token`) VALUES
('2525dd50-74f9-11ef-8ae5-14169e6de0c7', 'admin', 'admin@gmail.com', '$2a$12$77z3tlLstJoE5zYBhL3...XuTNg9o0bfIzbXsv4u1QZG6AlUefXXO', 1, 'active', 'eyJhbGciOiJIUzI1NiIsInR5cCI6IkpXVCJ9.eyJpZCI6IjI1MjVkZDUwLTc0ZjktMTFlZi04YWU1LTE0MTY5ZTZkZTBjNyIsInJvbGUiOiJhZG1pbiIsImlhdCI6MTcyNjc0MjE2NiwiZXhwIjoxNzI5MzM0MTY2fQ.QsdyNtCkHEc-cz7x7B7bePBvYLZiXuQs3pbK2s-k15Y'),
('3fe452c3-4531-4ec2-88c9-5878c0858db1', 'YUDA PERKASA', 'am1@gmail.com', '$2a$12$yojhst9U9sNi5f5P/TZ7IujDrSQH/iEm1oCNhtK9IC76gheF4BPzK', 4, 'active', 'eyJhbGciOiJIUzI1NiIsInR5cCI6IkpXVCJ9.eyJpZCI6IjNmZTQ1MmMzLTQ1MzEtNGVjMi04OGM5LTU4NzhjMDg1OGRiMSIsInJvbGUiOiJBTSIsImlhdCI6MTcyNjY0MDY1MCwiZXhwIjoxNzI5MjMyNjUwfQ.puUxuLvuZeLdyMa6gXJncN9qHJqOEYzGNQNQfNpGf7w'),
('45102849-5930-41c8-ad4f-b34002391fa9', 'YONANSYAH HIDAYAT', 'am6@gmail.com', '$2a$12$xuQxHEZiJ9Rzc7u6/MomNOWf8nYHdd1QHtHhHtpRSNYsCsjJ8uKii', 4, 'active', NULL),
('74822d4c-6e0d-4363-9ee5-21d3893003a3', 'WIDI LAKSONO', 'am9@gmail.com', '$2a$12$AUyQbm1sMnfRftStThnuhOrjJjjKBzw.9wz.RojcgkOp6KN/7Qit2', 4, 'active', NULL),
('7a2107ae-99db-4bcf-97b0-a0fa486bc12f', 'NABILA', 'am3@gmail.com', '$2a$12$JAyfHg8gsDTk9WLKkpedc.kEJfItt3WHevjDKdKrghyzUjQ.RfUm6', 4, 'active', NULL),
('7bcd3ddf-6453-4d4d-94ff-078dce0ed55b', 'YUNEVA LESTARI', 'am4@gmail.com', '$2a$12$ZV7Iz1bgqeG9z9p1QP41ge04WV6RFUzgKYlpfikcPpah35vRcY.Fy', 4, 'active', NULL),
('86a70acd-829e-46e4-9490-044551f2d28f', 'RATNA RAHAYU', 'am5@gmail.com', '$2a$12$nFRp9qSg2p6/DiMP5ac96Oi97EDEfqaMs3o4BznBczTfKkL5FQmRW', 4, 'active', NULL),
('8cf350db-e8b1-4202-afff-0010dc0ecf23', 'ERICK GUNAWAN', 'am2@gmail.com', '$2a$12$BLOsryRqt2VnQ6zINS60guRkyhbbjthA0kRZ.LCKnYZsRFf.H2AjG', 4, 'active', NULL),
('bd01f973-6737-4086-b570-90e8b88a469b', 'ANDRYANSYAH', 'am8@gmail.com', '$2a$12$6FR8XqTux22eS0BQdfR8wua2DzHC/7Q97q.vOgr6dv7GT9WsbLOla', 4, 'active', NULL),
('ebef7c69-d4aa-431e-bf5c-e01d70f6ae65', 'WIKE PUTRI', 'am7@gmail.com', '$2a$12$b0F9Q9vaj1IzqtIi3x7zuerrgnVsBcZ0I1jPlaYY.xKaoGWo/mbrS', 4, 'active', NULL);

-- --------------------------------------------------------

--
-- Table structure for table `variants`
--

CREATE TABLE `variants` (
  `id` bigint(20) NOT NULL,
  `variant` varchar(255) NOT NULL,
  `deskripsi` longtext DEFAULT NULL,
  `status` enum('active','inactive') NOT NULL DEFAULT 'active'
) ENGINE=InnoDB DEFAULT CHARSET=utf8mb4 COLLATE=utf8mb4_general_ci;

--
-- Indexes for dumped tables
--

--
-- Indexes for table `am`
--
ALTER TABLE `am`
  ADD PRIMARY KEY (`id`),
  ADD UNIQUE KEY `id` (`id`),
  ADD KEY `user_id` (`user_id`);

--
-- Indexes for table `am_company`
--
ALTER TABLE `am_company`
  ADD PRIMARY KEY (`id`),
  ADD UNIQUE KEY `id` (`id`),
  ADD KEY `company_id` (`company_id`),
  ADD KEY `am_id` (`am_id`);

--
-- Indexes for table `company`
--
ALTER TABLE `company`
  ADD PRIMARY KEY (`id`),
  ADD UNIQUE KEY `id` (`id`),
  ADD UNIQUE KEY `id_2` (`id`),
  ADD KEY `nama` (`nama`);

--
-- Indexes for table `invoices`
--
ALTER TABLE `invoices`
  ADD PRIMARY KEY (`id`);

--
-- Indexes for table `invoices_services`
--
ALTER TABLE `invoices_services`
  ADD PRIMARY KEY (`id`),
  ADD UNIQUE KEY `id` (`id`),
  ADD KEY `id_services_period` (`id_services_period`),
  ADD KEY `id_invoices` (`id_invoices`);

--
-- Indexes for table `product`
--
ALTER TABLE `product`
  ADD PRIMARY KEY (`id`),
  ADD UNIQUE KEY `id` (`id`),
  ADD UNIQUE KEY `id_2` (`id`),
  ADD KEY `id_variant` (`id_variant`);

--
-- Indexes for table `roles`
--
ALTER TABLE `roles`
  ADD PRIMARY KEY (`id`),
  ADD UNIQUE KEY `id` (`id`),
  ADD UNIQUE KEY `nama_roles` (`role`);

--
-- Indexes for table `services`
--
ALTER TABLE `services`
  ADD PRIMARY KEY (`id`),
  ADD UNIQUE KEY `id` (`id`),
  ADD UNIQUE KEY `nama` (`nama`);

--
-- Indexes for table `services_company`
--
ALTER TABLE `services_company`
  ADD PRIMARY KEY (`id`),
  ADD UNIQUE KEY `id` (`id`),
  ADD KEY `id_services` (`id_services`);

--
-- Indexes for table `services_period`
--
ALTER TABLE `services_period`
  ADD PRIMARY KEY (`id`) USING BTREE,
  ADD UNIQUE KEY `id` (`id`) USING BTREE,
  ADD KEY `id_services_company` (`id_services_company`);

--
-- Indexes for table `users`
--
ALTER TABLE `users`
  ADD PRIMARY KEY (`id`) USING BTREE,
  ADD UNIQUE KEY `id` (`id`),
  ADD UNIQUE KEY `email` (`email`),
  ADD UNIQUE KEY `nama` (`nama`),
  ADD KEY `id_role` (`id_role`);

--
-- Indexes for table `variants`
--
ALTER TABLE `variants`
  ADD PRIMARY KEY (`id`),
  ADD UNIQUE KEY `id` (`id`);

--
-- AUTO_INCREMENT for dumped tables
--

--
-- AUTO_INCREMENT for table `am`
--
ALTER TABLE `am`
  MODIFY `id` bigint(20) NOT NULL AUTO_INCREMENT, AUTO_INCREMENT=10;

--
-- AUTO_INCREMENT for table `am_company`
--
ALTER TABLE `am_company`
  MODIFY `id` bigint(20) UNSIGNED NOT NULL AUTO_INCREMENT, AUTO_INCREMENT=111;

--
-- AUTO_INCREMENT for table `company`
--
ALTER TABLE `company`
  MODIFY `id` bigint(20) NOT NULL AUTO_INCREMENT, AUTO_INCREMENT=132;

--
-- AUTO_INCREMENT for table `invoices`
--
ALTER TABLE `invoices`
  MODIFY `id` int(11) NOT NULL AUTO_INCREMENT, AUTO_INCREMENT=502;

--
-- AUTO_INCREMENT for table `invoices_services`
--
ALTER TABLE `invoices_services`
  MODIFY `id` bigint(20) NOT NULL AUTO_INCREMENT, AUTO_INCREMENT=502;

--
-- AUTO_INCREMENT for table `product`
--
ALTER TABLE `product`
  MODIFY `id` bigint(20) NOT NULL AUTO_INCREMENT;

--
-- AUTO_INCREMENT for table `roles`
--
ALTER TABLE `roles`
  MODIFY `id` bigint(20) NOT NULL AUTO_INCREMENT, AUTO_INCREMENT=7;

--
-- AUTO_INCREMENT for table `services`
--
ALTER TABLE `services`
  MODIFY `id` bigint(20) NOT NULL AUTO_INCREMENT, AUTO_INCREMENT=189;

--
-- AUTO_INCREMENT for table `services_company`
--
ALTER TABLE `services_company`
  MODIFY `id` bigint(20) NOT NULL AUTO_INCREMENT, AUTO_INCREMENT=238;

--
-- AUTO_INCREMENT for table `services_period`
--
ALTER TABLE `services_period`
  MODIFY `id` bigint(20) NOT NULL AUTO_INCREMENT, AUTO_INCREMENT=502;

--
-- AUTO_INCREMENT for table `variants`
--
ALTER TABLE `variants`
  MODIFY `id` bigint(20) NOT NULL AUTO_INCREMENT;

--
-- Constraints for dumped tables
--

--
-- Constraints for table `am`
--
ALTER TABLE `am`
  ADD CONSTRAINT `user_id` FOREIGN KEY (`user_id`) REFERENCES `users` (`id`) ON DELETE CASCADE ON UPDATE CASCADE;

--
-- Constraints for table `am_company`
--
ALTER TABLE `am_company`
  ADD CONSTRAINT `am_id` FOREIGN KEY (`am_id`) REFERENCES `am` (`id`) ON DELETE CASCADE ON UPDATE CASCADE,
  ADD CONSTRAINT `company_id` FOREIGN KEY (`company_id`) REFERENCES `company` (`id`) ON DELETE CASCADE ON UPDATE CASCADE;

--
-- Constraints for table `invoices_services`
--
ALTER TABLE `invoices_services`
  ADD CONSTRAINT `id_invoices` FOREIGN KEY (`id_invoices`) REFERENCES `invoices` (`id`) ON DELETE CASCADE ON UPDATE CASCADE,
  ADD CONSTRAINT `id_services_period` FOREIGN KEY (`id_services_period`) REFERENCES `services_period` (`id`) ON DELETE CASCADE ON UPDATE CASCADE;

--
-- Constraints for table `product`
--
ALTER TABLE `product`
  ADD CONSTRAINT `id_variant` FOREIGN KEY (`id_variant`) REFERENCES `variants` (`id`) ON DELETE CASCADE ON UPDATE CASCADE;

--
-- Constraints for table `services_company`
--
ALTER TABLE `services_company`
  ADD CONSTRAINT `id_services` FOREIGN KEY (`id_services`) REFERENCES `services` (`id`) ON DELETE CASCADE ON UPDATE CASCADE;

--
-- Constraints for table `services_period`
--
ALTER TABLE `services_period`
  ADD CONSTRAINT `id_services_company` FOREIGN KEY (`id_services_company`) REFERENCES `services_company` (`id`) ON DELETE CASCADE ON UPDATE CASCADE;

--
-- Constraints for table `users`
--
ALTER TABLE `users`
  ADD CONSTRAINT `id_role` FOREIGN KEY (`id_role`) REFERENCES `roles` (`id`) ON DELETE CASCADE ON UPDATE CASCADE;
COMMIT;

/*!40101 SET CHARACTER_SET_CLIENT=@OLD_CHARACTER_SET_CLIENT */;
/*!40101 SET CHARACTER_SET_RESULTS=@OLD_CHARACTER_SET_RESULTS */;
/*!40101 SET COLLATION_CONNECTION=@OLD_COLLATION_CONNECTION */;
